timestamp_ms,function_id,execution_time_ms
48,f003,13.81
100,f001,46.63
264,f004,37.11
555,f004,1.36
599,f001,146.77
654,f004,49.01
663,f004,1.00
910,f002,14.05
1084,f004,67.87
1149,f001,13.94
1169,f003,22.93
1455,f003,140.81
1492,f002,363.61
1689,f000,59.80
1788,f003,1.00
1803,f001,122.48
1851,f001,30.93
1855,f004,16.78
1900,f003,38.06
2003,f001,278.13
2059,f003,22.18
2081,f000,31.88
2110,f000,29.84
2168,f001,82.76
2177,f002,30.01
2189,f000,11.22
2241,f004,10.76
2419,f001,23.53
2564,f001,18.84
2879,f001,83.68
3180,f000,79.93
3206,f003,31.62
3320,f001,28.60
3370,f003,1.80
3674,f000,86.41
3720,f002,5.31
3745,f001,93.30
3773,f001,89.82
3841,f001,104.22
3969,f004,72.47
4064,f002,112.70
4096,f002,4.62
4146,f004,59.02
4269,f004,66.73
4427,f004,76.37
4513,f004,26.75
4562,f003,1.43
4804,f004,145.68
4908,f002,246.50
5111,f002,36.20
5167,f002,32.68
5238,f003,58.78
5239,f002,46.26
5326,f004,6.72
5483,f003,37.44
5573,f004,97.25
5631,f003,104.55
5652,f000,30.86
5692,f003,6.70
5904,f001,89.78
6198,f003,23.25
6205,f003,47.24
6375,f002,140.41
6460,f003,76.26
6603,f004,59.91
6672,f002,125.49
6955,f000,5.04
6993,f002,33.10
7127,f003,68.74
7188,f003,4.96
7523,f004,1.77
7555,f001,26.12
7567,f004,24.15
7606,f000,221.42
7682,f000,10.09
8194,f001,72.29
8208,f003,26.00
8233,f003,12.79
8260,f003,15.07
8322,f001,47.12
8373,f001,93.63
8373,f003,72.04
8441,f001,20.55
8446,f002,20.80
8496,f003,114.88
8575,f000,33.01
8714,f000,25.72
8853,f003,16.68
8885,f002,7.96
9001,f002,9.62
9031,f004,47.28
9212,f002,18.91
9342,f000,13.04
9371,f003,12.97
9665,f002,13.18
9724,f003,154.74
9860,f004,7.25
9886,f001,16.15
9978,f000,31.95
9995,f003,26.00
10093,f002,37.71
10250,f003,2.40
10330,f001,193.20
10413,f001,152.65
10484,f003,28.38
10548,f000,7.96
10683,f002,112.45
10690,f001,43.50
11158,f003,10.49
11175,f000,88.76
11432,f000,62.81
11460,f001,75.86
11522,f002,243.45
11801,f003,54.60
11802,f001,63.75
11874,f000,21.04
11921,f002,73.93
12125,f002,54.04
12433,f003,35.47
12506,f002,6.70
12712,f002,19.29
12933,f000,1.87
12982,f003,100.64
13051,f004,23.32
13143,f004,126.65
13262,f000,18.67
13285,f003,1.00
13331,f002,71.54
13362,f000,4.02
13570,f003,270.05
13594,f003,41.43
13595,f003,35.33
13698,f002,39.59
13750,f001,29.38
13799,f004,58.88
13974,f001,2.76
13975,f003,133.42
13993,f004,3.04
14443,f004,131.83
14552,f004,16.61
14610,f002,159.22
14880,f001,19.07
14901,f002,178.75
14944,f000,158.84
14966,f000,30.97
15270,f000,25.04
15397,f000,54.14
15490,f004,36.28
15505,f000,135.80
15516,f000,59.51
15711,f001,1.30
15881,f002,56.28
15890,f002,52.25
15939,f002,36.08
15986,f000,20.65
15987,f001,1.38
16043,f000,9.08
16158,f002,47.69
16160,f003,41.21
16222,f003,19.81
16387,f001,51.68
16539,f000,226.26
16544,f003,209.81
16883,f004,202.12
16906,f000,214.01
17142,f000,70.36
17349,f002,39.97
17436,f000,1.00
17488,f002,37.26
17535,f000,44.43
17572,f004,41.43
17583,f004,6.20
17888,f004,129.36
17927,f003,33.11
17975,f000,93.63
18105,f002,3.91
18125,f004,100.94
18137,f001,43.78
18252,f000,2.81
18323,f003,59.47
18442,f000,99.51
18505,f004,11.95
18521,f000,292.44
18644,f000,44.25
18723,f003,21.15
18755,f001,47.37
18811,f001,37.59
19006,f003,54.55
19091,f003,63.95
19093,f001,273.18
19146,f003,15.22
19147,f000,26.32
19263,f000,135.44
19277,f004,19.42
19292,f001,190.69
19724,f002,18.42
19742,f003,76.48
19990,f001,60.56
20035,f001,28.03
20041,f000,140.89
20183,f001,36.99
20461,f004,4.16
20512,f004,81.45
20605,f003,11.53
20816,f001,40.14
21028,f001,1.26
21244,f000,8.04
21259,f001,18.48
21682,f001,343.93
21752,f004,42.69
21989,f001,25.11
21999,f002,71.84
22049,f001,18.78
22083,f001,26.13
22270,f001,32.50
22349,f001,103.45
22525,f000,97.27
22723,f001,16.89
22738,f002,40.94
22803,f004,201.11
22978,f002,10.61
23014,f004,24.37
23197,f001,10.94
23391,f000,26.07
23455,f002,105.95
23512,f000,171.44
23825,f000,32.28
23884,f004,149.75
23956,f004,21.07
23958,f002,263.49
24037,f001,10.63
24058,f004,137.29
24136,f000,74.65
24252,f002,29.05
24257,f000,28.73
24276,f002,4.47
24737,f002,90.53
24955,f001,20.07
24982,f002,14.55
25087,f003,113.76
25182,f004,26.86
25279,f000,208.35
25348,f000,64.56
25353,f000,40.77
25615,f004,21.15
25784,f002,27.89
25960,f004,2.35
26317,f000,48.53
26340,f004,92.08
26372,f004,137.67
26518,f000,34.31
26524,f000,15.38
26796,f000,3.04
26907,f003,12.80
26916,f003,12.40
26987,f003,61.62
27023,f002,30.97
27125,f004,204.42
27165,f002,7.49
27178,f000,25.58
27245,f004,61.49
27347,f003,20.80
27966,f002,8.61
28112,f000,65.06
28159,f003,87.69
28250,f001,55.65
28390,f002,163.90
28550,f001,12.00
28568,f000,27.80
28641,f003,17.87
28645,f003,183.13
28657,f003,147.27
28873,f003,167.77
28915,f000,15.02
28950,f003,68.04
29043,f000,90.02
29083,f002,65.08
29155,f004,172.62
29174,f002,12.53
29247,f000,139.12
29429,f004,2.24
29500,f002,28.36
29606,f000,105.04
29615,f004,81.76
30130,f002,14.31
30185,f000,8.94
30208,f003,3.74
30303,f004,4.28
30705,f000,139.19
30979,f000,75.28
31073,f000,3.55
31114,f001,36.31
31170,f002,303.17
31183,f000,61.42
31286,f003,37.66
31574,f002,125.15
31688,f003,35.19
31698,f004,5.97
31738,f002,6.31
31832,f003,44.77
31930,f000,84.77
31983,f003,78.83
32025,f004,134.32
32105,f003,22.72
32120,f001,16.62
32169,f000,1.00
32207,f004,97.61
32255,f002,141.08
32325,f004,25.64
32367,f000,174.72
32367,f000,43.18
32426,f002,96.12
32500,f004,3.14
32561,f002,43.64
32581,f001,38.19
32739,f004,34.86
32775,f003,12.07
32775,f002,8.59
32962,f002,15.25
33024,f004,1.00
33069,f002,16.63
33221,f002,69.14
33410,f003,5.70
33474,f003,14.05
33479,f003,76.99
33577,f000,68.13
33590,f001,26.88
33626,f000,36.39
33801,f003,28.61
33876,f002,4.39
33953,f003,107.79
34011,f002,24.70
34109,f002,129.85
34281,f003,15.02
34638,f002,18.31
34869,f000,103.29
34893,f003,43.96
34960,f003,46.60
34968,f004,96.59
35038,f000,44.26
35183,f004,12.32
35219,f004,1.00
35274,f003,36.07
35418,f001,11.38
35641,f000,69.54
35706,f002,47.12
35894,f002,11.98
35999,f001,115.17
36156,f000,9.94
36163,f001,27.76
36164,f004,59.75
36182,f004,82.71
36223,f003,58.00
36244,f001,85.18
36508,f001,5.93
36690,f003,77.42
36857,f001,40.08
36863,f001,162.38
36920,f001,37.31
36970,f003,65.49
37286,f000,241.74
37479,f001,75.14
37692,f001,10.62
37710,f001,91.41
37787,f003,47.14
37834,f000,11.49
37859,f002,100.39
38094,f002,40.95
38129,f002,9.03
38132,f002,1.52
38209,f000,20.71
38311,f002,28.55
38417,f001,109.98
38425,f004,118.13
38527,f003,19.84
38693,f004,11.70
38799,f000,185.65
38951,f003,43.87
38972,f002,2.98
39000,f001,34.25
39049,f000,69.44
39054,f003,75.07
39114,f001,21.63
39143,f001,59.35
39514,f002,140.71
39610,f000,4.19
39649,f001,80.00
39705,f001,45.18
39968,f004,41.57
40140,f002,6.44
40144,f002,6.78
40171,f004,32.53
40415,f001,57.35
40477,f000,103.53
40499,f001,224.07
40580,f002,86.01
40856,f003,28.12
40920,f001,6.04
41013,f001,43.08
41157,f000,56.19
41158,f004,49.36
41186,f001,81.06
41314,f003,55.77
41315,f001,167.39
41399,f002,32.41
41465,f003,13.10
41473,f000,88.19
41496,f004,8.08
41516,f002,34.06
41588,f003,39.94
41623,f004,1.00
41630,f004,26.10
41750,f001,5.49
41853,f000,82.66
41901,f004,17.61
42234,f004,16.31
42523,f001,118.40
42550,f004,1.49
42757,f001,71.25
42827,f004,30.96
42989,f004,2.10
43071,f003,48.52
43327,f000,274.58
43339,f004,23.65
43453,f000,93.94
43469,f003,84.10
43479,f004,84.73
43503,f003,26.96
43593,f004,41.01
43689,f003,106.84
43717,f001,20.18
43897,f004,1.59
44031,f001,35.92
44035,f001,21.36
44476,f002,59.87
44562,f002,70.41
44690,f001,2.84
44839,f002,10.99
44955,f004,1.36
45251,f003,151.97
45305,f002,45.18
45362,f000,84.78
45386,f003,45.88
45515,f003,72.03
45549,f004,29.52
45595,f002,18.56
45609,f001,12.83
45611,f002,21.61
45653,f000,5.63
45656,f000,13.77
45708,f000,68.48
45834,f004,48.60
45874,f001,35.28
45929,f002,202.82
45932,f002,48.66
46099,f003,1.00
46110,f001,3.71
46553,f004,2.25
46610,f000,38.58
46626,f004,34.75
46733,f002,6.69
46738,f001,29.20
46859,f001,80.12
46882,f000,43.27
46973,f001,85.32
47019,f002,167.83
47045,f002,4.53
47074,f003,114.51
47299,f003,25.43
47325,f002,41.82
47557,f002,40.72
47649,f002,32.95
47759,f002,79.13
47821,f002,65.87
47881,f002,33.65
47911,f001,5.24
47918,f002,34.36
47971,f003,120.95
47993,f000,35.73
48023,f004,87.12
48175,f004,39.57
48236,f003,59.59
48255,f002,178.53
48378,f002,225.20
48418,f003,65.33
48575,f004,6.65
48587,f002,31.74
48657,f004,49.87
48687,f002,261.77
48730,f000,34.97
48746,f000,23.47
48856,f003,25.17
48912,f003,35.10
49004,f001,159.43
49014,f001,52.58
49040,f002,20.07
49201,f002,128.14
49228,f001,3.73
49350,f000,14.77
49381,f004,97.95
49755,f002,115.91
49816,f004,100.43
49872,f001,45.27
49948,f001,30.48
50018,f001,9.56
50047,f002,65.32
50165,f001,17.45
50331,f004,9.17
50768,f001,74.18
50976,f004,18.85
50994,f004,27.29
51055,f001,100.90
51058,f003,39.28
51069,f004,55.34
51195,f000,51.34
51240,f002,271.64
51379,f001,47.19
51606,f000,132.50
51690,f000,64.31
51799,f003,208.97
51819,f004,123.01
51910,f002,28.53
51921,f002,48.02
52052,f003,82.96
52105,f002,62.91
52116,f001,16.10
52271,f001,138.18
52574,f001,99.52
52757,f002,50.17
52789,f002,24.31
52842,f000,30.56
52917,f004,22.61
53328,f002,45.76
53506,f002,60.05
53557,f001,98.08
53603,f004,13.65
53760,f000,6.48
53828,f004,23.77
54037,f000,17.16
54047,f001,99.71
54350,f003,64.31
54461,f003,119.67
54485,f002,12.81
54518,f000,75.30
54896,f001,4.48
54897,f000,6.86
54939,f001,29.51
55028,f002,101.71
55324,f004,67.10
55374,f003,47.53
55587,f003,6.55
55719,f002,208.47
56293,f003,132.35
56371,f000,33.61
56406,f000,220.85
56462,f002,6.77
56554,f002,22.34
56661,f001,30.90
56841,f004,84.00
56856,f004,123.81
57001,f004,37.14
57028,f004,104.48
57040,f003,55.17
57074,f001,10.94
57142,f001,13.80
57148,f002,69.81
57371,f001,26.65
57477,f002,16.85
57901,f002,29.34
58247,f000,75.96
58260,f001,52.55
58285,f003,17.38
58347,f000,41.60
58360,f003,7.27
58404,f000,43.43
58763,f000,4.90
58886,f004,37.56
58957,f004,17.16
59111,f000,102.41
59112,f000,30.68
59229,f004,1.00
59341,f000,30.36
59396,f001,9.70
59600,f000,73.80
59715,f002,121.07
59733,f000,60.16
59818,f002,46.02
59881,f004,156.35
59967,f000,52.47
60098,f000,95.14
60312,f002,8.30
60362,f001,45.21
60394,f000,16.51
60653,f000,79.93
60872,f002,217.76
60981,f004,30.33
61021,f004,105.59
61040,f004,37.11
61095,f002,83.60
61307,f003,148.74
61489,f003,246.85
61561,f000,37.83
61572,f002,25.70
61605,f001,21.12
61667,f000,35.27
61703,f002,170.41
61743,f000,39.53
61750,f002,46.26
61776,f002,82.58
61972,f002,78.75
62068,f004,35.43
62117,f000,19.04
62381,f001,87.55
62475,f004,15.52
62559,f002,62.87
62622,f003,76.64
62704,f003,45.80
62723,f004,7.93
62994,f004,39.25
63032,f003,15.04
63562,f002,10.61
63697,f002,23.00
63767,f000,102.22
63860,f000,35.94
63911,f001,157.54
64100,f001,95.29
64124,f004,131.99
64168,f004,149.11
64346,f000,64.07
64349,f002,75.40
64632,f001,52.43
64883,f000,39.63
64938,f004,66.82
65065,f002,24.13
65065,f001,9.51
65069,f004,32.67
65078,f004,4.99
65213,f001,33.97
65416,f000,7.05
65459,f000,21.80
65605,f003,4.79
65627,f002,54.79
65710,f002,38.38
65750,f001,95.52
66101,f002,66.27
66127,f000,20.63
66334,f002,64.71
66364,f000,101.34
66519,f001,52.42
66591,f002,19.41
66779,f003,52.45
66799,f000,101.77
66810,f004,17.60
66833,f004,15.78
66867,f003,104.44
66918,f003,59.07
66960,f000,91.95
66962,f000,13.00
66969,f002,3.04
66982,f002,83.38
67043,f001,123.93
67070,f000,72.20
67121,f000,11.45
67172,f000,45.90
67201,f001,38.14
67622,f003,21.65
67776,f004,19.79
67810,f001,117.82
67846,f000,102.48
68084,f001,8.26
68134,f001,3.63
68166,f004,26.18
68422,f002,10.31
68426,f001,25.04
68673,f003,229.24
68773,f002,32.16
68783,f004,110.02
69024,f000,25.42
69025,f001,47.64
69111,f001,35.60
69154,f001,32.84
69308,f000,37.91
69381,f003,100.21
69409,f000,55.15
69578,f003,70.98
69581,f004,166.12
69596,f002,69.39
69860,f001,62.61
69979,f003,65.76
70167,f002,31.55
70246,f000,25.15
70341,f003,8.71
70407,f002,28.31
70441,f002,93.45
70540,f003,69.83
70635,f004,14.66
70838,f003,1.69
70944,f001,34.27
70952,f002,51.08
71112,f003,54.21
71119,f003,76.05
71241,f000,50.20
71265,f003,47.41
71280,f004,288.80
71286,f002,2.21
71385,f001,26.90
71406,f003,2.58
71493,f004,19.75
71752,f004,31.21
71895,f002,81.30
71938,f002,27.08
71985,f000,16.19
72055,f000,110.68
72058,f002,56.60
72170,f004,12.94
72211,f000,97.75
72291,f001,71.29
72369,f000,241.14
72410,f002,5.66
72471,f001,52.74
72517,f004,30.60
72665,f000,64.30
72672,f003,67.00
72694,f003,169.92
72988,f003,20.44
72988,f002,191.90
72994,f002,156.76
73701,f002,25.05
73745,f003,88.46
73890,f003,68.17
73998,f004,41.22
74149,f004,98.76
74173,f002,60.50
74213,f004,12.09
74242,f002,122.93
74406,f001,71.73
74672,f001,7.68
74694,f001,46.86
75088,f004,14.11
75092,f000,55.15
75321,f001,192.61
75426,f004,9.21
75443,f002,4.37
75657,f003,7.81
75660,f000,1.00
75671,f001,77.44
75736,f003,59.49
75952,f002,40.34
75987,f001,33.66
76024,f004,54.21
76079,f000,171.01
76110,f004,61.96
76122,f000,2.50
76343,f004,9.54
76685,f001,87.33
76741,f004,33.62
76814,f004,22.13
76838,f004,262.04
76904,f004,98.90
77095,f001,72.35
77283,f003,190.75
77357,f002,66.22
77364,f000,35.75
77396,f000,112.39
77477,f004,66.47
77486,f004,13.43
77776,f000,117.12
77856,f000,189.34
78077,f002,35.99
78250,f000,30.06
78369,f003,315.37
78522,f002,95.51
78538,f002,6.21
78670,f001,153.02
78867,f002,72.07
78912,f001,19.25
79025,f000,182.97
79089,f003,14.75
79307,f002,11.43
79388,f003,19.87
79593,f002,11.24
79614,f004,257.63
79889,f003,42.80
79891,f004,174.74
79957,f004,13.12
80246,f004,84.22
80330,f004,116.79
80490,f001,70.05
80523,f003,7.28
80625,f004,100.17
80747,f001,41.05
80794,f000,51.23
80840,f000,9.19
80941,f001,102.36
80994,f000,202.30
81229,f003,44.02
81333,f000,50.20
81578,f001,34.13
81695,f003,86.89
81957,f004,21.56
82044,f002,42.95
82054,f004,22.83
82076,f000,91.43
82130,f001,62.09
82142,f003,27.02
82227,f001,20.79
82233,f001,31.44
82324,f004,53.95
82401,f002,32.85
82413,f000,85.99
82478,f003,7.72
82564,f001,81.89
82631,f004,37.06
82753,f001,41.16
82796,f003,92.73
82828,f001,16.25
82858,f000,172.26
82912,f004,44.69
82920,f000,7.03
83051,f002,5.52
83115,f003,20.95
83143,f004,1.12
83149,f002,22.15
83395,f003,112.61
83521,f002,57.22
83683,f002,162.25
83760,f002,48.36
83863,f002,38.75
83929,f004,41.30
84000,f004,50.32
84185,f003,198.91
84292,f001,21.77
84361,f000,49.83
84425,f002,108.75
84515,f001,71.79
84650,f003,79.95
84773,f001,65.11
84862,f000,108.09
85146,f001,99.14
85211,f000,6.99
85297,f001,121.55
85331,f003,22.84
85498,f001,61.40
85565,f003,47.64
85608,f000,2.60
85703,f001,52.49
85940,f001,155.96
85987,f000,104.54
86028,f004,5.87
86077,f001,24.40
86114,f003,36.62
86361,f002,27.65
86380,f001,24.82
86436,f003,6.41
86452,f003,28.07
86486,f000,182.38
86650,f004,21.58
86668,f004,24.62
86692,f004,51.42
86697,f000,55.17
86890,f003,82.73
87033,f001,25.50
87053,f004,57.02
87126,f000,99.97
87237,f001,16.71
87305,f004,5.73
87351,f002,60.82
87364,f004,8.22
87634,f004,101.80
87692,f000,22.16
87716,f000,22.34
87871,f003,43.25
87975,f000,91.27
88073,f000,21.61
88286,f002,109.44
88298,f002,45.85
88498,f001,17.30
88552,f004,30.20
88676,f001,296.59
88785,f004,43.76
88786,f001,5.44
88864,f004,35.70
88918,f002,66.10
88993,f003,88.12
89045,f000,17.45
89066,f001,114.43
89394,f004,60.51
89544,f000,85.41
89629,f002,134.28
89677,f001,85.56
89834,f003,41.53
89837,f002,40.21
89900,f004,16.97
89923,f004,121.03
90047,f001,15.80
90094,f004,131.31
90466,f000,105.12
90579,f004,50.77
90628,f000,45.39
90677,f003,49.52
90727,f002,69.73
90873,f002,67.05
90963,f001,149.48
90975,f002,10.84
91066,f002,18.35
91076,f004,49.09
91145,f003,12.00
91240,f001,129.34
91338,f004,75.31
91349,f000,353.83
91563,f002,53.46
91573,f001,48.31
91582,f001,77.51
91705,f000,96.04
91888,f003,1.00
92055,f000,16.88
92179,f001,9.56
92361,f001,69.16
92404,f003,48.46
92614,f004,1.83
92776,f003,2.51
92847,f000,47.03
92878,f003,10.92
92907,f004,73.59
93355,f004,56.92
93385,f001,70.13
93425,f002,36.94
93598,f002,7.10
93669,f004,1.00
93897,f000,36.10
94077,f003,74.98
94307,f000,95.33
94722,f000,37.92
94747,f001,36.64
94848,f004,45.14
94884,f000,36.07
95004,f002,42.39
95032,f001,24.10
95312,f002,13.85
95487,f000,77.64
95657,f003,57.78
95668,f000,107.28
96027,f001,131.16
96136,f000,39.55
96365,f003,13.18
96540,f002,28.05
96588,f001,55.54
96686,f003,22.45
96868,f000,17.12
96929,f002,35.39
96940,f003,277.40
97093,f002,116.64
97358,f004,8.81
97485,f000,149.84
97611,f004,166.10
97796,f002,10.98
97823,f002,9.73
97931,f003,154.75
97961,f000,403.77
98208,f001,163.83
98313,f001,115.88
98345,f003,191.94
98347,f002,79.53
98347,f001,1.00
98358,f002,82.29
98489,f000,15.09
98645,f001,21.18
98745,f000,171.71
98884,f001,84.65
98956,f000,12.87
99156,f000,50.99
99206,f002,14.13
99324,f001,34.53
99412,f002,38.98
99436,f002,13.67
99690,f002,53.91
99695,f000,50.73
99823,f004,47.98
99840,f002,28.01
99870,f001,8.42
99911,f001,37.66
99973,f002,120.82
99973,f001,211.12
100169,f003,213.39
100169,f001,149.97
100173,f004,145.25
100206,f000,27.64
100265,f003,5.44
100278,f003,67.58
100312,f001,2.78
100428,f000,29.34
100458,f000,9.07
100569,f004,39.79
100727,f001,59.72
100801,f004,25.95
100940,f001,44.02
101050,f000,14.27
101306,f004,5.33
101425,f003,15.02
101495,f000,35.68
101527,f004,6.94
101538,f003,32.62
101543,f003,4.52
101570,f001,78.51
101589,f001,33.93
101596,f001,84.25
101634,f003,55.12
101706,f004,28.44
101788,f004,53.36
101810,f003,33.98
101926,f004,14.59
102086,f000,46.19
102109,f000,123.91
102169,f002,149.03
102248,f000,5.82
102298,f003,25.35
102425,f003,42.00
102486,f004,68.99
102488,f003,9.37
102649,f004,27.27
102667,f001,50.36
102707,f001,52.36
102879,f002,78.64
102947,f003,169.61
103088,f004,125.46
103151,f003,10.85
103183,f003,57.62
103239,f004,43.82
103306,f002,25.72
103324,f003,104.12
103407,f001,59.38
103480,f000,151.09
103702,f002,67.59
103817,f002,231.61
104108,f000,69.93
104194,f002,7.99
104312,f003,203.92
104469,f001,177.95
104502,f003,21.43
104533,f003,13.23
104556,f003,203.40
104611,f000,62.99
104659,f002,230.01
104672,f002,70.80
104887,f001,52.98
104892,f004,6.64
104957,f001,300.54
105000,f002,5.22
105022,f003,46.38
105038,f004,17.89
105065,f001,37.60
105195,f004,96.06
105299,f003,121.12
105757,f003,143.73
105879,f001,141.27
105978,f004,26.92
105987,f000,18.43
106117,f004,5.66
106117,f003,28.05
106134,f003,36.19
106213,f000,24.35
106213,f001,147.27
106318,f001,96.33
106559,f002,66.88
106661,f000,79.50
106672,f003,15.11
106693,f003,155.36
106755,f000,77.98
107048,f003,149.38
107192,f001,13.04
107325,f000,15.55
107611,f002,62.65
107687,f001,129.56
107786,f004,33.17
107885,f004,56.07
107909,f000,33.00
108022,f001,155.58
108070,f002,200.19
108132,f003,17.43
108386,f002,34.94
108492,f000,32.39
108525,f003,24.55
108627,f001,71.94
108676,f003,10.81
108844,f001,42.23
109048,f004,7.03
109131,f002,40.14
109453,f000,71.90
109571,f001,127.30
109611,f003,6.18
109723,f003,99.91
109872,f003,279.00
109891,f003,150.41
109932,f003,97.72
109936,f001,222.13
110214,f000,40.19
110250,f000,112.29
110254,f004,84.86
110286,f003,56.09
110471,f000,9.90
110519,f000,85.59
110719,f004,28.56
110782,f000,1.00
110922,f000,93.50
111150,f003,77.04
111335,f003,96.79
111479,f000,1.00
112078,f002,35.20
112167,f002,56.47
112209,f000,42.56
112466,f004,112.46
112598,f002,4.54
112724,f004,2.96
112767,f003,196.66
112793,f002,46.31
112871,f004,1.00
113001,f001,38.65
113071,f002,6.02
113203,f000,160.59
113658,f002,160.70
113682,f000,42.78
113703,f004,42.58
113917,f003,160.62
113978,f003,50.89
114155,f000,100.96
114176,f000,3.60
114181,f001,127.30
114203,f003,54.14
114222,f003,67.97
114331,f002,37.63
114382,f000,38.20
114443,f002,10.88
114504,f001,90.85
114518,f003,94.03
114657,f001,6.58
114720,f000,133.59
114875,f000,38.48
114918,f002,237.17
115100,f002,303.88
115101,f001,18.08
115209,f001,47.88
115396,f000,33.91
115397,f001,151.15
115423,f002,11.98
115723,f002,159.62
115766,f001,144.96
115768,f002,129.38
115772,f003,107.96
115836,f003,57.42
115905,f003,9.26
116013,f000,34.60
116078,f002,80.14
116477,f000,67.97
116518,f003,25.18
116825,f003,4.99
116887,f004,6.64
116957,f004,45.91
117117,f000,26.07
117135,f001,36.48
117148,f000,38.45
117241,f000,28.62
117263,f003,4.60
117389,f000,13.03
117407,f000,286.02
117430,f000,9.41
117455,f000,50.50
117471,f000,129.80
117537,f004,147.41
117589,f000,84.05
117666,f003,2.30
118008,f002,62.00
118038,f003,51.46
118105,f002,211.42
118130,f002,24.79
118141,f004,119.66
118358,f002,55.75
118434,f004,115.60
118600,f004,51.84
118603,f003,78.01
118687,f003,94.24
118900,f003,18.76
118902,f001,54.60
118977,f004,19.97
119008,f003,244.92
119098,f000,12.29
119416,f001,115.15
119574,f000,96.11
119654,f001,35.58
119726,f000,65.31
119732,f004,75.32
119743,f004,29.87
119763,f003,21.45
119770,f003,103.89
119898,f003,15.54
119956,f004,39.23
120000,f004,39.33
120178,f004,262.05
120186,f001,24.93
120192,f003,66.20
120287,f000,16.54
120500,f003,45.26
120544,f004,167.17
120581,f000,176.04
120806,f002,106.51
120969,f003,177.73
121032,f004,14.67
121096,f003,54.22
121153,f003,32.03
121365,f000,57.37
121494,f001,80.62
121522,f003,5.95
121674,f004,1.64
121877,f004,6.46
121887,f001,71.34
121894,f002,122.50
121984,f001,48.33
122460,f002,6.29
122551,f003,3.84
122595,f004,16.11
122709,f003,46.09
122883,f004,55.67
122989,f003,79.37
123016,f001,3.79
123077,f001,30.52
123087,f002,180.41
123197,f001,2.52
123276,f003,31.61
123576,f002,87.77
123610,f001,188.35
123686,f004,8.76
123883,f001,102.69
123941,f002,33.20
123976,f000,37.19
124023,f000,48.48
124094,f004,74.36
124116,f004,76.29
124134,f003,66.14
124164,f000,131.68
124256,f003,143.11
124295,f003,24.75
124315,f002,28.44
124371,f003,74.15
124397,f002,46.60
124406,f002,110.81
124419,f003,63.43
124435,f003,102.02
124507,f002,69.90
124551,f003,39.61
124675,f001,84.48
124698,f000,69.09
124756,f000,3.25
124803,f000,9.72
124825,f000,19.86
124987,f000,22.08
125000,f000,62.04
125128,f002,102.55
125129,f001,21.75
125147,f004,5.48
125153,f004,70.13
125270,f004,99.17
125287,f000,1.95
125354,f001,140.17
125366,f000,78.78
125540,f002,71.73
125600,f003,18.55
125750,f004,21.94
125763,f004,24.25
126100,f003,65.74
126390,f001,73.97
126488,f003,11.98
126578,f004,158.89
126732,f002,207.87
126740,f000,76.11
126770,f001,94.71
127043,f000,199.70
127113,f001,173.40
127260,f003,120.32
127368,f001,60.80
127383,f000,2.38
127439,f003,25.53
127495,f003,61.90
127517,f002,1.29
127579,f001,46.14
127695,f002,60.62
127716,f000,25.74
127889,f001,1.00
127970,f002,181.65
128039,f001,165.43
128046,f003,83.08
128061,f003,14.83
128109,f003,187.42
128354,f002,55.82
128548,f001,25.61
128552,f002,87.39
128611,f003,19.41
128781,f001,99.26
129084,f000,4.49
129086,f003,76.76
129182,f000,66.17
129260,f004,136.65
129260,f000,69.67
129271,f001,8.63
129276,f004,2.89
129493,f002,65.72
129534,f001,62.65
129945,f001,4.64
129972,f000,93.42
130179,f002,7.09
130339,f004,50.08
130485,f003,119.56
130550,f002,361.28
130776,f003,4.70
130959,f002,89.85
130976,f001,9.20
131078,f001,25.15
131172,f004,93.07
131397,f000,1.29
131472,f001,57.76
131759,f002,180.74
131902,f004,23.25
132015,f003,5.42
132094,f001,24.16
132126,f004,51.42
132290,f002,4.04
132305,f003,18.91
132384,f003,20.40
132397,f001,82.28
132753,f003,65.59
132936,f004,79.15
133085,f000,121.97
133155,f000,57.69
133215,f001,41.54
133393,f000,40.27
133415,f000,32.23
133488,f000,77.71
133518,f002,75.41
133758,f000,40.61
133908,f000,39.77
134003,f002,6.05
134147,f004,8.93
134244,f002,1.76
134318,f004,37.22
134626,f002,31.08
134828,f003,188.96
134903,f002,219.66
135115,f003,100.46
135286,f003,65.62
135391,f000,16.43
135613,f004,53.71
135650,f002,41.65
135661,f001,110.35
135796,f001,66.45
136104,f000,34.72
136343,f004,55.88
136432,f003,21.24
136762,f004,37.58
136838,f001,276.36
136978,f000,20.25
137186,f003,117.72
137652,f001,22.91
137783,f001,23.44
137857,f001,89.28
138016,f003,39.79
138032,f003,152.13
138156,f001,38.93
138466,f002,20.38
139017,f001,16.52
139139,f000,71.38
139275,f003,61.49
139284,f002,1.50
139367,f003,21.57
139422,f004,14.34
139605,f003,27.97
139612,f003,90.90
139612,f004,10.03
139643,f004,98.39
139653,f003,56.23
139861,f003,13.55
139937,f000,4.83
140031,f000,26.74
140068,f002,46.99
140073,f002,2.07
140191,f001,110.49
140334,f002,109.33
140821,f003,18.43
140856,f003,36.05
140910,f004,64.52
140988,f001,43.21
141281,f004,6.03
141325,f001,18.06
141339,f003,106.57
141456,f003,170.99
141462,f004,12.78
141462,f001,29.61
141550,f002,192.25
141772,f001,10.74
141785,f001,243.39
141947,f002,10.29
141951,f001,39.26
142007,f003,124.48
142045,f002,3.95
142253,f002,78.94
142382,f004,55.37
142618,f001,19.10
142828,f004,5.64
142877,f000,17.17
142879,f000,27.99
142956,f003,40.63
143259,f000,19.46
143295,f002,111.09
143299,f003,15.66
143448,f004,54.97
143513,f001,26.96
143723,f000,53.23
143764,f004,3.90
143820,f001,58.69
143878,f001,13.12
143981,f003,38.65
144017,f002,76.31
144019,f001,127.39
144100,f001,172.55
144155,f003,15.06
144202,f002,50.48
144274,f004,141.06
144285,f004,79.78
144562,f001,19.73
144726,f004,22.86
144729,f004,87.62
144749,f002,3.91
144759,f001,81.94
144815,f000,49.06
144819,f001,115.01
145018,f004,82.02
145031,f000,18.23
145117,f003,243.89
145141,f003,43.55
145244,f004,41.04
145256,f003,31.87
145436,f001,34.13
145561,f001,25.57
145993,f004,145.16
146071,f003,136.81
146104,f002,309.79
146152,f004,454.63
146222,f003,69.60
146332,f002,194.21
146371,f002,36.57
146444,f000,93.17
146532,f003,22.25
146600,f003,1.25
146663,f003,101.46
146693,f003,47.00
146714,f002,54.46
146784,f000,84.27
147196,f004,34.37
147232,f003,1.83
147516,f000,149.27
147626,f002,58.43
147805,f004,264.80
147935,f000,17.82
148031,f001,118.51
148644,f003,35.10
148669,f002,51.63
148709,f001,68.58
148983,f003,279.08
149198,f000,38.79
149682,f002,261.12
149744,f003,34.05
149762,f004,92.88
149769,f000,42.37
149774,f003,257.00
149809,f003,104.78
150017,f004,95.25
150083,f000,98.25
150121,f004,17.06
150325,f004,38.73
150329,f001,256.80
150464,f002,99.59
150696,f004,37.46
150720,f000,12.41
150824,f000,35.24
151305,f000,35.66
151372,f000,61.65
151543,f004,107.35
151615,f000,21.15
151646,f001,74.33
151999,f000,33.55
152146,f002,21.62
152224,f001,104.92
152331,f002,169.03
152350,f001,1.00
152412,f001,15.04
152682,f001,6.31
152740,f000,27.67
152765,f001,59.45
152910,f002,90.74
153095,f000,9.31
153126,f001,50.15
153188,f000,56.54
153316,f000,71.44
153357,f001,67.65
153620,f001,28.94
153707,f002,39.92
153870,f003,13.47
153979,f001,3.90
154034,f004,3.10
154094,f000,23.50
154189,f000,8.82
154357,f001,5.61
154373,f000,35.98
154418,f004,11.03
154457,f003,5.74
154519,f004,39.17
154633,f000,37.77
154681,f004,25.24
154907,f004,16.50
155016,f002,367.47
155085,f002,181.57
155121,f002,27.95
155440,f003,69.46
155471,f004,20.22
155526,f004,99.36
155531,f004,68.74
155556,f003,20.86
155563,f001,27.68
155586,f002,67.33
155681,f001,33.36
155795,f000,125.15
155978,f001,25.92
156064,f002,90.69
156179,f002,10.51
156244,f003,91.91
156277,f001,5.65
156400,f003,17.05
156441,f000,12.28
156837,f001,60.19
156884,f003,43.77
156907,f004,292.87
157349,f004,1.00
157414,f002,80.61
157418,f003,192.92
157450,f001,58.13
157777,f004,97.67
157885,f002,42.26
157987,f001,100.88
157988,f000,67.18
158160,f000,11.77
158312,f004,106.35
158484,f002,136.41
158684,f004,111.81
158761,f004,96.42
158820,f003,92.36
158922,f003,169.11
159029,f004,180.74
159119,f004,17.92
159120,f000,58.56
159144,f003,51.19
159149,f003,210.15
159223,f004,90.65
159353,f000,40.01
159512,f000,29.36
159512,f002,28.79
159630,f000,35.76
159678,f000,106.95
159726,f003,9.28
159793,f003,41.26
159806,f003,29.95
160063,f001,297.72
160145,f004,45.31
160231,f004,67.80
160529,f002,77.54
160616,f003,5.50
160697,f003,61.57
160751,f004,71.36
160771,f004,6.08
160876,f000,9.34
160953,f002,90.49
161022,f000,85.16
161102,f003,207.90
161190,f001,11.79
161229,f002,85.47
161259,f004,36.73
161312,f000,50.05
161370,f000,68.80
161476,f000,206.64
161501,f003,147.62
161508,f003,71.68
161548,f003,13.50
161794,f003,30.22
161827,f003,24.96
161939,f003,6.09
162349,f001,154.72
162358,f002,53.42
162558,f003,18.49
162578,f004,34.41
162588,f000,111.03
162636,f003,50.40
162648,f000,112.05
162963,f002,153.26
163011,f003,23.54
163024,f004,45.64
163126,f001,57.95
163346,f000,84.83
163372,f000,12.12
163579,f001,44.60
163724,f003,76.00
164009,f002,43.84
164093,f001,31.36
164642,f003,7.29
164663,f002,64.10
164736,f003,133.77
164793,f000,44.47
164915,f000,89.44
165123,f000,8.35
165151,f002,3.11
165228,f001,19.03
165663,f002,174.61
165686,f004,105.32
165768,f003,95.80
165779,f000,73.80
165800,f002,10.62
165814,f002,13.33
165909,f002,143.19
165925,f000,16.70
166271,f000,90.64
166311,f002,25.23
166318,f001,196.59
166355,f003,155.94
166379,f000,122.98
166424,f000,14.35
166424,f003,82.57
166563,f000,48.97
166693,f003,7.77
166997,f003,3.42
167033,f004,73.24
167033,f000,85.20
167137,f001,46.92
167220,f003,101.61
167313,f001,29.29
167450,f000,60.75
167471,f000,102.83
167742,f002,69.49
167750,f004,80.35
167903,f004,61.59
167926,f000,1.00
167963,f001,9.62
167965,f002,39.92
168150,f002,1.00
168162,f003,52.66
168273,f001,7.77
168407,f001,1.12
168594,f001,107.76
168704,f001,174.80
168830,f002,25.64
168882,f003,195.62
168907,f004,4.07
168977,f000,65.29
169001,f001,18.91
169076,f001,1.18
169302,f004,7.17
169345,f002,67.44
169347,f001,26.64
169499,f003,132.82
169553,f002,27.91
169634,f001,90.57
169750,f000,35.96
170388,f004,16.97
170402,f000,19.38
170454,f002,3.77
170597,f001,42.97
170719,f001,5.58
170731,f002,44.99
170758,f003,32.80
170825,f000,113.83
170849,f000,119.43
171058,f000,72.14
171064,f002,1.24
171222,f002,1.42
171224,f003,67.05
171356,f001,38.45
171443,f000,11.18
171557,f004,1.00
171652,f004,8.41
171755,f004,13.51
171833,f004,28.61
171914,f000,19.14
171925,f002,22.56
171961,f001,83.67
172112,f002,223.27
172117,f004,250.88
172161,f001,3.21
172259,f001,90.75
172320,f002,157.92
172401,f004,54.91
172412,f003,1.00
172430,f000,171.63
172539,f004,205.38
172579,f002,96.76
172596,f002,258.01
172672,f000,20.16
172682,f004,67.52
172692,f003,224.47
172742,f004,97.95
172801,f000,64.18
172938,f001,61.93
172952,f001,34.41
173032,f001,33.66
173054,f000,77.93
173095,f004,49.26
173117,f002,11.89
173164,f000,50.32
173321,f001,38.14
173339,f001,176.80
173442,f001,50.92
173617,f000,11.83
173639,f004,51.95
173717,f003,86.36
173906,f000,103.51
174105,f004,24.76
174202,f004,21.86
174228,f002,1.00
174407,f000,50.87
174469,f004,27.15
174481,f002,10.20
174507,f002,13.38
174559,f000,32.95
174566,f004,7.67
174578,f004,91.60
174588,f003,80.74
174825,f003,80.58
174837,f003,120.24
174914,f000,5.94
175428,f004,74.71
175530,f002,116.18
175650,f004,24.53
175656,f004,10.65
175694,f002,19.02
176027,f002,95.72
176068,f003,29.46
176293,f003,177.20
176341,f002,85.42
176657,f001,1.36
176734,f002,4.31
176807,f001,63.33
176895,f004,35.26
177017,f004,13.18
177062,f003,19.90
177062,f001,121.62
177156,f004,4.29
177273,f001,171.22
177373,f000,21.09
177526,f001,20.33
177555,f001,9.80
177622,f004,197.00
177642,f003,86.79
177701,f000,23.71
177889,f001,16.04
177992,f000,160.25
178007,f000,88.70
178061,f004,41.83
178211,f001,36.78
178322,f001,9.97
178364,f000,1.66
178376,f001,27.11
178484,f000,100.53
178699,f000,110.41
178775,f003,76.27
178782,f000,186.02
178832,f003,6.43
178913,f000,91.28
178919,f001,21.76
179063,f002,64.11
179194,f003,35.25
179228,f002,78.36
179373,f004,30.92
179378,f001,134.47
179438,f003,7.38
179498,f004,1.00
179535,f002,5.09
179544,f003,250.94
179684,f001,2.71
179915,f002,70.85
179998,f004,31.51
180227,f001,1.28
180254,f001,7.95
180478,f000,51.08
180487,f004,3.96
180706,f001,56.01
180839,f001,22.89
180897,f000,7.78
181249,f002,33.88
181397,f003,42.00
181420,f001,6.27
181451,f004,3.23
181759,f001,103.19
181778,f004,108.23
181801,f004,10.59
181925,f000,16.02
182086,f004,282.56
182171,f002,60.56
182172,f003,27.18
182207,f002,21.30
182255,f003,6.12
182262,f002,61.35
182474,f002,134.60
182525,f004,43.45
182635,f004,72.23
182918,f004,113.14
182950,f004,145.07
183000,f004,234.66
183000,f004,70.66
183096,f004,39.08
183110,f001,16.99
183220,f002,66.13
183270,f002,87.05
183328,f003,43.90
183375,f000,8.26
183393,f002,13.68
183453,f002,10.15
183528,f000,12.68
183609,f002,19.10
183924,f004,10.70
184024,f003,26.79
184412,f004,1.16
184469,f003,44.63
184744,f001,27.09
184768,f001,2.65
185143,f003,25.76
185178,f004,59.53
185250,f001,85.48
185258,f002,50.94
185676,f003,39.12
185694,f004,60.65
185843,f000,116.20
186002,f003,80.66
186016,f003,68.24
186183,f001,78.02
186232,f002,163.32
186418,f001,20.05
186543,f002,30.30
186665,f003,22.37
186726,f001,37.11
186837,f003,90.12
186884,f001,46.15
187123,f003,74.55
187152,f004,158.14
187154,f000,28.18
187291,f002,9.16
187305,f001,28.07
187578,f000,20.16
188003,f003,19.25
188165,f004,105.03
188241,f000,3.08
188249,f004,113.21
188377,f004,106.96
188524,f004,44.39
188603,f000,84.00
188642,f002,5.18
188732,f003,115.38
188852,f004,28.50
188985,f001,53.91
189151,f003,47.44
189154,f004,41.12
189447,f003,29.70
189628,f003,6.94
189694,f002,25.26
189748,f001,119.96
189952,f000,18.15
189956,f002,69.39
190006,f002,47.74
190049,f002,81.83
190176,f004,15.69
190211,f002,25.25
190273,f003,74.70
190353,f004,59.96
190650,f004,206.42
190661,f000,42.86
190782,f000,1.64
190817,f001,4.49
190919,f000,6.50
190976,f000,15.57
191023,f003,70.16
191105,f003,12.75
191307,f000,33.16
191330,f002,36.41
191331,f001,187.33
191366,f003,1.00
191450,f002,80.20
191453,f000,5.95
191489,f002,41.02
191535,f003,29.61
191547,f004,11.21
191578,f000,30.80
191891,f002,71.49
192103,f003,5.42
192248,f002,14.15
192248,f003,7.32
192355,f000,56.16
192453,f001,20.07
192629,f003,65.95
192738,f000,56.19
192760,f001,37.13
192814,f004,74.81
192818,f002,157.57
193579,f003,114.23
193717,f002,112.83
193766,f004,61.70
194116,f002,102.87
194309,f004,94.66
194524,f004,55.92
194678,f000,53.16
194681,f004,49.55
194755,f003,91.04
194806,f003,129.48
194906,f002,3.49
195002,f000,9.84
195155,f000,289.51
195175,f002,91.79
195404,f003,134.68
195407,f000,114.06
195523,f000,39.13
195536,f001,150.02
195567,f003,67.64
195721,f002,94.78
195737,f001,197.29
195854,f003,144.48
195958,f000,200.65
196116,f004,75.89
196308,f000,98.38
196430,f002,55.87
196474,f004,30.25
196588,f001,15.61
196645,f003,13.37
196668,f002,37.32
196785,f000,5.96
196839,f001,1.60
196849,f004,19.82
196881,f001,3.64
197027,f004,29.42
197221,f002,30.03
197238,f002,67.80
197241,f000,48.64
197290,f001,18.59
197324,f001,67.66
197375,f004,19.71
197395,f003,18.86
197517,f003,80.14
197527,f003,23.76
197618,f002,9.78
197623,f000,38.27
197627,f000,52.22
197750,f003,10.11
197864,f001,109.81
197946,f000,137.48
197956,f001,81.88
198087,f000,181.61
198205,f000,23.12
198386,f001,223.00
198551,f002,265.38
198588,f000,16.37
198605,f003,83.88
198859,f002,1.00
198862,f002,18.40
198889,f002,10.96
198988,f004,112.54
199086,f000,23.02
199203,f000,21.70
199221,f003,1.00
199252,f000,10.24
199335,f002,24.83
199345,f002,21.77
199365,f002,107.60
199431,f000,1.00
199500,f001,128.45
199598,f000,63.72
199668,f001,31.14
199996,f000,30.91
200124,f003,175.98
200224,f001,157.14
200306,f000,27.49
200324,f003,7.52
200358,f003,84.00
200650,f001,75.76
200673,f004,57.72
200898,f003,278.56
201160,f001,35.44
201649,f004,59.03
201722,f001,66.48
201817,f004,224.09
201845,f001,52.10
201862,f004,57.26
201974,f003,84.23
202044,f002,6.22
202146,f000,63.41
202202,f002,150.26
202562,f000,90.99
202673,f002,34.69
202677,f002,15.47
202819,f004,20.64
202831,f002,9.20
202836,f002,11.36
203097,f002,1.00
203217,f004,1.04
203479,f001,58.36
203825,f002,88.04
203900,f000,1.00
203961,f002,33.76
204120,f001,66.84
204270,f001,4.51
204310,f004,61.71
204359,f004,62.27
204450,f000,19.39
204522,f001,107.60
204604,f002,85.69
204606,f002,54.42
204690,f003,62.40
204703,f002,12.98
204735,f004,11.41
204812,f004,23.70
204837,f002,198.47
204857,f001,150.96
204964,f000,59.17
205105,f003,18.52
205270,f003,73.03
205278,f003,50.87
205405,f002,9.17
205423,f002,21.25
205430,f004,1.35
205436,f003,92.20
205715,f004,4.79
205785,f004,38.49
205841,f002,5.44
205947,f004,63.25
206473,f000,15.56
206691,f003,72.11
206699,f001,148.49
206772,f002,48.96
206810,f004,40.21
206823,f004,159.85
206845,f002,50.64
206971,f000,27.15
207006,f000,75.88
207296,f004,30.36
207355,f000,58.16
207363,f003,88.47
207513,f001,110.36
207678,f001,4.05
207773,f000,18.30
207804,f003,65.28
207819,f003,100.44
207843,f004,10.36
207843,f002,41.68
207910,f002,48.62
208499,f003,165.85
208778,f003,10.31
208862,f002,53.96
209031,f001,152.06
209085,f002,69.13
209347,f002,228.85
209367,f002,18.95
209428,f001,20.73
209468,f003,19.10
209525,f002,19.31
209591,f001,40.46
209662,f004,92.11
209854,f002,22.35
209964,f003,42.23
209970,f004,12.95
210093,f004,68.60
210184,f003,21.44
210197,f000,108.93
210303,f002,21.43
210320,f003,158.23
210368,f000,14.03
210490,f001,60.23
210574,f002,46.92
210676,f002,44.62
210681,f000,211.07
210754,f004,46.95
210827,f001,319.27
210866,f002,87.39
211067,f003,19.85
211081,f001,129.31
211108,f001,36.66
211133,f003,86.44
211207,f000,20.84
211242,f004,113.20
211293,f003,25.18
211328,f003,47.36
211367,f000,23.23
211469,f002,386.56
211472,f000,55.62
211472,f004,48.11
211641,f002,62.92
211678,f003,2.00
211778,f000,44.32
211917,f001,21.19
212029,f004,137.09
212192,f004,105.22
212201,f003,150.07
212228,f001,86.46
212286,f004,90.07
212417,f004,7.06
212528,f002,196.20
212804,f001,55.53
212837,f001,116.18
212852,f002,230.13
212897,f001,21.85
212911,f003,12.20
212940,f002,4.20
212952,f003,56.65
212964,f003,79.46
213113,f004,43.96
213221,f004,57.83
213310,f000,107.93
213490,f002,11.67
213558,f002,19.15
213784,f001,42.67
213904,f004,1.00
213969,f003,62.96
214322,f003,105.26
214662,f003,24.63
214794,f004,3.26
214958,f004,199.97
214987,f001,11.55
215023,f001,62.01
215034,f002,30.96
215119,f004,24.92
215775,f003,35.62
215820,f004,11.89
216149,f000,107.62
216174,f000,27.87
216362,f000,87.44
216408,f003,19.50
216643,f004,17.35
216644,f002,19.88
216699,f004,75.53
217041,f002,97.57
217380,f001,97.40
217652,f001,42.71
217664,f003,28.80
217831,f004,35.25
218008,f001,2.56
218015,f001,139.56
218106,f002,156.12
218106,f003,116.92
218168,f003,34.48
218276,f002,11.50
218292,f001,1.01
218395,f000,89.38
218400,f003,9.45
218400,f000,45.21
218571,f002,39.43
218581,f003,45.68
218818,f002,30.58
218872,f003,17.25
218997,f004,61.55
219044,f004,23.66
219173,f001,62.00
219287,f004,14.61
219326,f004,70.13
219424,f003,34.12
219510,f003,78.66
219520,f004,27.28
219528,f001,31.69
219555,f000,105.99
219614,f003,11.81
219747,f003,47.65
220000,f000,6.09
220046,f003,14.57
220230,f001,125.76
220631,f000,10.84
220631,f004,126.95
220873,f003,19.63
220937,f002,151.45
220968,f000,59.59
221102,f000,45.79
221122,f001,25.86
221337,f002,89.06
221470,f002,16.39
221533,f000,44.10
221684,f000,22.51
221716,f002,45.73
221802,f002,1.92
221970,f002,56.76
222225,f000,32.00
222286,f000,134.55
222358,f002,16.38
222403,f003,9.92
222488,f003,98.17
222663,f002,29.95
222734,f002,56.58
222771,f000,137.17
222946,f004,170.70
222965,f004,100.95
223181,f002,2.63
223224,f000,13.88
223232,f002,42.96
223239,f000,280.15
223277,f000,59.38
223382,f004,12.86
223421,f002,35.00
223476,f000,100.42
223574,f000,15.95
224008,f004,63.75
224118,f004,107.75
224236,f002,32.45
224267,f000,44.73
224283,f004,96.71
224453,f003,34.06
224600,f003,25.07
224620,f000,56.38
224787,f003,19.26
224811,f003,90.86
224936,f001,98.16
225105,f000,64.45
225219,f004,6.26
225428,f000,133.83
225434,f001,52.38
225438,f004,175.48
225675,f003,208.55
225871,f004,32.85
225929,f001,163.75
225934,f003,57.04
226177,f002,120.78
226179,f004,76.43
226279,f003,14.08
226331,f001,96.24
226415,f002,153.04
226682,f001,1.08
226696,f000,38.35
227009,f003,53.25
227010,f004,25.98
227052,f001,18.62
227102,f004,172.67
227350,f004,187.05
227487,f001,48.24
227669,f000,16.17
227697,f002,1.00
227816,f000,53.78
227878,f002,37.17
227936,f003,20.34
227964,f002,79.59
228000,f002,59.61
228265,f003,56.72
228285,f000,49.63
228384,f003,101.67
228576,f002,140.22
228680,f003,16.06
228700,f003,11.15
228708,f003,62.29
228725,f002,36.26
228845,f002,52.50
228985,f003,56.85
228990,f003,44.71
228995,f004,13.32
229212,f000,178.18
229259,f003,68.22
229452,f003,57.72
229558,f004,54.50
229607,f002,17.09
229686,f003,22.79
229802,f003,17.55
229831,f003,49.16
229926,f000,56.90
230133,f001,10.96
230292,f002,79.90
230399,f003,17.30
230424,f002,77.47
230434,f001,63.32
230503,f002,6.87
230633,f004,79.76
230670,f002,16.34
230693,f001,70.32
230715,f004,8.80
230716,f002,12.87
230825,f004,204.02
230858,f004,33.94
230949,f003,175.25
231008,f002,6.85
231026,f002,111.44
231058,f002,93.21
231130,f002,166.19
231297,f002,246.11
231309,f000,75.88
231326,f001,112.01
231389,f004,10.63
231566,f002,69.76
231572,f003,37.83
231963,f004,214.43
231986,f003,92.68
232025,f003,18.63
232026,f002,25.02
232036,f004,56.64
232044,f000,162.17
232231,f001,33.34
232231,f000,65.29
232345,f002,15.98
232473,f000,59.71
232480,f002,81.33
232571,f004,91.71
232627,f002,221.98
232686,f001,45.98
232699,f000,166.90
232723,f002,175.84
232843,f003,8.73
232854,f002,46.03
232903,f003,10.69
232910,f003,23.18
232912,f000,25.63
232963,f000,4.62
233703,f003,81.19
233713,f000,18.34
233831,f002,19.40
233856,f003,86.64
234126,f001,12.54
234149,f001,30.37
234367,f001,54.47
234384,f000,144.02
234388,f001,129.03
234530,f000,310.42
234560,f000,11.01
234590,f002,28.54
234628,f000,20.52
234692,f004,101.61
234942,f003,3.74
234963,f001,56.25
234964,f003,211.05
234984,f004,199.99
235019,f003,134.43
235130,f004,52.72
235199,f004,51.08
235204,f003,95.69
235236,f003,53.26
235425,f003,48.86
235446,f003,37.50
235750,f000,1.00
235756,f004,12.28
235872,f002,228.54
235989,f003,58.37
236066,f001,19.62
236306,f001,130.73
236376,f004,77.93
236417,f000,40.67
236419,f003,44.56
236431,f004,3.36
236473,f004,33.74
236553,f000,12.39
236814,f002,69.29
236863,f003,229.26
236978,f003,17.80
236996,f000,72.21
237235,f004,23.57
237440,f000,36.79
237483,f003,33.30
237690,f004,86.09
237750,f000,37.80
237779,f003,2.71
237965,f001,112.51
238094,f003,117.38
238135,f001,66.81
238190,f000,117.88
238285,f001,35.48
238338,f000,7.40
238418,f001,104.96
238451,f000,56.32
238493,f002,110.71
238685,f004,13.88
238689,f001,14.46
238716,f001,103.15
238948,f001,62.43
239028,f004,30.23
239068,f001,3.73
239135,f001,27.68
239138,f000,103.07
239219,f000,41.88
239258,f004,36.21
239280,f004,27.72
239470,f000,71.47
239535,f004,292.37
239555,f001,87.04
239578,f000,55.08
239662,f003,73.38
239845,f002,49.21
239853,f000,3.95
239909,f003,180.18
239952,f000,94.43
240193,f001,14.37
240384,f002,89.13
240629,f003,8.17
240771,f004,110.74
240851,f000,85.76
240942,f002,121.47
241113,f001,8.56
241300,f003,84.04
241331,f003,7.05
241460,f001,185.70
241491,f002,245.00
241669,f001,106.26
241680,f002,53.81
241854,f004,40.35
242310,f001,165.19
242323,f004,65.18
242373,f001,54.17
242373,f003,6.17
242441,f003,3.98
242546,f002,92.27
242820,f002,80.60
243181,f002,10.67
243325,f000,26.14
243387,f003,48.22
243477,f002,200.13
243711,f003,65.10
243778,f001,13.18
243888,f003,119.51
244082,f003,29.01
244163,f004,22.44
244197,f004,1.96
244240,f003,16.90
244314,f003,3.86
244314,f001,41.79
244342,f002,34.93
244420,f001,53.20
244460,f003,28.47
244483,f001,26.22
244534,f001,18.65
244607,f002,79.23
244842,f000,30.96
244876,f002,71.17
244969,f002,31.78
244998,f004,96.10
245044,f003,7.84
245174,f003,163.32
245216,f002,168.42
245408,f001,24.78
245435,f002,10.79
245478,f000,241.10
245599,f002,177.09
245613,f002,35.58
245668,f004,171.98
245727,f001,67.47
245918,f000,41.31
245949,f002,6.85
245949,f002,46.31
245955,f004,7.08
245994,f003,169.76
246033,f001,22.76
246118,f001,12.33
246193,f002,47.28
246193,f003,136.56
246432,f003,32.56
246446,f000,102.14
246588,f004,42.69
246629,f000,50.36
246952,f001,69.49
246970,f003,133.08
247171,f000,188.48
247273,f000,28.60
247372,f001,65.04
247430,f000,9.02
247437,f004,7.33
247522,f003,62.41
247553,f003,1.00
247561,f000,17.47
247627,f003,1.00
247814,f002,11.46
248042,f002,2.51
248118,f002,88.66
248150,f001,172.54
248158,f002,40.72
248231,f002,49.60
248663,f000,3.93
248725,f004,62.43
248985,f003,76.06
249050,f002,16.95
249105,f002,3.91
249312,f002,16.09
249381,f001,32.63
249756,f002,41.12
249761,f001,27.36
249915,f002,27.16
249970,f002,178.90
250060,f004,20.69
250286,f000,23.32
250381,f001,65.09
250464,f004,84.38
250586,f003,73.04
250608,f000,17.45
250656,f002,13.29
250699,f002,13.52
250947,f000,10.00
251089,f004,9.11
251127,f003,2.97
251136,f002,83.91
251230,f004,52.86
251267,f004,32.94
251579,f003,72.13
251662,f004,104.20
251668,f003,21.36
251683,f003,203.71
251839,f001,3.27
252004,f001,307.59
252016,f003,12.06
252177,f001,24.28
252253,f001,5.57
252470,f001,53.94
252515,f003,15.36
252577,f001,6.04
252608,f001,86.83
252697,f001,11.32
252754,f001,5.59
252974,f000,132.93
253159,f004,33.52
253261,f000,179.33
253353,f004,23.63
253380,f001,6.32
253473,f002,79.47
253562,f001,119.57
253567,f004,2.97
253982,f003,37.20
254262,f002,34.41
254286,f001,45.32
254315,f001,39.41
254318,f000,31.91
254322,f001,179.64
254384,f002,193.82
254430,f003,172.02
254554,f004,3.72
254574,f004,49.10
254589,f003,145.67
254600,f004,29.91
254660,f001,19.87
254774,f000,1.00
254847,f001,530.75
254887,f000,18.56
254933,f004,51.95
255007,f000,166.53
255225,f004,40.68
255309,f002,199.99
255320,f000,158.00
255444,f002,385.41
255525,f002,21.79
255578,f002,32.22
255762,f000,109.97
256049,f004,32.84
256077,f002,46.14
256181,f004,123.83
256273,f001,88.44
256442,f002,102.13
256444,f003,109.42
256763,f003,14.84
256998,f003,25.11
257013,f002,30.41
257134,f000,48.99
257515,f001,14.95
257584,f000,170.47
257597,f004,101.30
257810,f004,19.85
257894,f004,35.73
257939,f000,82.96
258042,f001,7.97
258168,f002,63.29
258327,f000,17.96
258397,f001,10.04
258437,f004,69.89
258598,f004,12.03
258713,f000,82.39
258883,f000,1.00
258904,f003,115.17
259311,f002,28.18
259399,f002,25.17
259545,f002,74.41
259573,f001,18.49
259587,f000,11.78
259636,f000,117.41
259696,f003,13.35
259756,f004,14.28
259781,f000,18.50
259868,f003,137.63
259900,f004,270.75
259909,f000,11.46
259977,f003,101.80
259987,f000,66.57
260233,f002,36.60
260341,f003,85.78
260451,f002,43.83
260490,f001,47.62
260719,f002,201.54
260769,f003,92.35
260925,f002,60.84
260991,f003,109.76
261154,f002,44.89
261207,f000,47.50
261234,f002,148.96
261236,f004,12.11
261464,f001,39.43
261514,f004,209.66
261526,f003,41.55
261763,f002,195.00
261916,f004,76.22
261960,f000,8.11
262094,f004,67.75
262108,f002,17.49
262159,f002,221.90
262322,f000,46.97
262345,f000,160.60
262454,f003,4.76
262530,f000,263.38
262818,f000,95.75
263001,f001,21.48
263161,f001,34.28
263202,f004,98.40
263269,f001,112.59
263310,f001,119.67
263326,f002,8.11
263429,f000,49.46
263683,f003,24.52
264256,f004,2.14
264283,f000,12.45
264479,f000,115.46
264487,f002,7.79
264639,f004,33.95
264652,f001,10.67
264775,f000,20.32
264888,f004,60.97
264900,f002,10.25
264951,f000,65.97
264996,f001,65.56
265243,f002,177.04
265246,f001,113.26
265356,f000,50.93
265467,f004,8.47
265616,f002,109.45
265715,f001,55.95
266231,f003,103.24
266307,f001,42.83
266453,f000,160.26
266520,f000,42.09
266535,f001,53.39
266635,f004,36.50
266778,f000,48.11
266789,f003,86.44
267216,f004,14.12
267257,f002,36.63
267262,f004,28.34
267320,f001,23.25
267351,f000,3.03
267404,f002,230.83
267617,f000,37.20
267626,f001,28.48
267677,f000,9.24
267703,f003,21.85
267999,f002,210.59
268032,f003,112.19
268323,f004,285.19
268351,f002,3.39
268637,f002,73.13
268817,f002,167.10
268840,f003,16.12
268912,f002,119.80
268975,f003,114.72
269004,f003,146.88
269175,f002,11.44
269179,f004,29.13
269457,f000,32.78
269565,f004,30.87
269650,f001,14.10
270105,f000,89.19
270124,f004,11.78
270334,f000,91.97
270453,f003,85.12
270513,f002,176.92
270781,f003,39.18
270829,f000,134.38
270871,f004,34.33
270871,f001,43.08
270997,f004,90.36
271063,f000,66.66
271196,f001,119.12
271277,f002,35.88
271332,f001,8.96
271387,f001,30.29
271525,f002,7.21
271572,f004,16.51
271727,f002,162.44
271753,f001,45.21
271814,f001,15.27
271877,f001,43.92
272091,f002,43.06
272203,f004,13.69
272293,f001,32.73
272304,f004,66.84
272447,f000,44.47
272577,f004,106.83
272646,f003,10.66
272659,f002,97.25
272665,f002,62.21
272676,f001,427.19
272766,f003,83.60
272835,f000,38.72
273021,f002,38.66
273081,f003,103.67
273237,f002,62.07
273377,f003,109.19
273454,f000,101.38
273624,f002,53.11
273753,f001,40.86
273881,f004,62.48
273908,f003,51.43
274075,f003,1.22
274170,f000,28.46
274209,f002,1.00
274258,f003,23.70
274355,f001,39.31
274426,f004,210.65
274549,f002,47.97
274551,f002,75.11
274672,f004,42.85
274724,f000,1.31
274818,f001,99.65
274862,f004,94.52
274937,f004,10.82
275020,f003,81.63
275252,f004,127.32
275326,f004,56.50
275330,f004,144.75
275461,f001,12.52
275535,f004,1.02
275801,f004,43.26
275843,f002,83.56
275959,f003,45.48
276004,f004,7.91
276160,f004,2.08
276168,f001,66.88
276296,f002,21.75
276352,f004,153.62
276532,f003,122.10
276667,f001,113.62
276852,f004,70.25
277105,f002,29.16
277258,f003,11.14
277340,f003,148.02
277448,f002,2.13
277484,f000,65.20
277497,f004,158.76
277664,f002,38.41
277672,f002,126.94
277721,f000,135.98
277818,f001,143.85
277900,f001,9.85
277911,f002,10.32
278075,f001,9.79
278078,f002,17.64
278143,f002,33.21
278407,f003,25.19
278416,f000,643.92
278603,f004,4.42
278703,f001,38.23
278710,f002,52.23
278952,f004,1.00
279055,f000,14.98
279103,f004,108.77
279154,f003,27.31
279285,f003,17.64
279292,f003,62.10
279443,f003,35.80
279461,f001,30.78
279528,f003,133.85
279617,f001,184.24
279626,f004,18.44
279660,f003,95.84
279750,f000,16.19
279755,f002,19.35
279972,f000,74.55
279978,f004,51.28
279998,f002,71.88
280013,f003,7.03
280122,f004,53.40
280127,f000,13.58
280207,f003,6.45
280337,f000,41.42
280369,f004,5.38
280393,f001,17.63
280410,f001,49.56
280414,f003,30.36
280498,f002,33.56
280584,f002,33.82
280884,f004,62.81
281104,f003,31.24
281514,f002,2.84
281787,f002,51.54
281875,f003,1.00
281918,f002,25.96
282078,f001,48.15
282142,f000,183.03
282192,f004,27.17
282554,f003,152.13
282703,f000,68.15
282704,f002,44.84
282781,f003,28.86
282798,f003,5.02
282800,f000,16.71
282855,f000,17.93
282905,f001,125.98
283067,f000,186.71
283089,f002,48.75
283250,f004,14.03
283373,f000,49.85
283498,f003,7.73
283677,f000,28.97
283694,f001,21.57
283706,f003,15.16
283926,f002,86.11
284203,f000,67.00
284260,f000,158.39
284285,f003,93.16
284343,f002,72.65
284541,f002,1.73
284638,f000,190.14
284667,f002,15.20
284762,f003,30.27
284817,f002,37.74
284904,f001,59.30
284978,f000,76.99
284988,f002,158.04
285035,f001,100.45
285142,f000,166.11
285149,f004,78.71
285205,f004,47.87
285329,f004,17.37
285406,f000,8.88
285748,f001,13.31
285867,f001,88.97
285960,f004,62.87
286032,f004,53.59
286111,f000,33.50
286453,f003,4.24
286612,f002,13.91
286703,f000,382.91
286774,f004,63.05
286811,f000,94.31
286907,f003,55.69
286929,f004,8.98
286939,f004,16.54
286957,f002,151.78
286998,f002,100.80
287464,f002,5.34
287681,f000,58.05
287774,f004,13.95
287792,f003,216.68
287842,f001,309.91
287988,f001,38.49
288107,f001,40.94
288153,f004,127.62
288214,f000,10.21
288232,f004,116.05
288270,f003,60.49
288288,f003,51.79
288294,f002,19.78
288442,f000,136.14
288547,f001,104.87
288622,f003,58.86
289101,f000,98.96
289385,f004,103.90
289489,f004,59.68
289555,f003,29.52
289730,f000,97.09
289866,f001,14.77
289966,f004,63.11
290156,f003,73.60
290218,f002,5.91
290256,f004,12.42
290522,f004,7.00
290546,f002,199.03
290644,f001,30.00
290799,f004,66.81
290875,f000,147.40
291125,f001,23.91
291355,f004,34.81
291507,f004,26.92
291804,f004,134.31
291822,f002,23.20
291839,f000,69.63
291875,f002,110.64
292023,f004,14.85
292062,f001,36.30
292069,f002,54.22
292123,f000,54.31
292211,f000,91.58
292334,f003,97.81
292482,f004,111.89
292531,f004,54.96
292620,f004,22.20
292788,f001,100.94
292793,f004,185.54
292871,f000,4.25
293364,f004,28.04
293374,f001,4.71
293448,f004,81.34
293620,f000,5.44
293664,f001,91.66
293725,f003,220.18
293890,f003,26.63
293967,f000,17.75
294068,f000,30.66
294221,f000,1.00
294271,f001,11.47
294300,f003,144.00
294301,f004,31.63
294396,f000,4.36
294495,f003,20.30
294614,f004,3.78
294704,f004,76.06
294784,f002,12.87
294950,f001,56.78
294974,f002,9.18
295001,f003,36.94
295025,f003,41.44
295031,f003,17.23
295159,f000,54.01
295211,f004,110.15
295401,f000,70.72
295448,f002,28.12
295527,f003,3.55
295694,f001,25.86
295712,f004,95.19
295732,f001,54.84
295818,f000,18.91
295939,f002,5.56
295954,f002,28.41
295958,f001,2.02
295999,f000,146.96
296135,f000,55.02
296181,f003,73.75
296226,f001,14.95
296253,f002,43.41
296597,f003,29.91
296760,f004,71.02
296950,f001,52.93
297056,f003,82.80
297343,f004,16.84
297381,f004,3.88
297482,f003,33.69
297556,f000,99.35
297637,f001,104.23
297938,f000,9.95
297959,f002,131.48
298039,f003,7.36
298077,f004,69.66
298115,f002,41.80
298263,f003,1.72
298370,f001,56.70
298641,f001,64.42
298655,f001,6.39
298755,f001,43.75
298808,f004,49.29
298862,f003,46.96
298923,f004,146.79
298939,f004,72.84
299233,f001,259.30
299334,f003,28.06
299529,f004,44.25
299529,f004,2.79
299582,f000,69.32
299612,f003,79.21
299845,f002,100.06
299882,f004,75.07
299990,f003,410.70
300336,f003,82.20
300521,f003,25.25
300571,f002,61.93
300605,f002,36.29
300617,f000,44.07
300648,f000,3.89
300661,f003,40.89
300665,f004,35.25
300727,f004,82.15
300965,f002,170.74
301126,f002,52.23
301149,f001,6.22
301346,f004,93.74
301521,f003,1.00
301537,f000,83.29
301604,f000,85.00
302018,f001,73.92
302132,f002,26.47
302157,f002,8.65
302197,f002,1.35
302372,f000,141.28
302403,f002,30.16
302695,f002,2.41
302770,f004,169.43
302858,f000,68.68
302957,f004,14.11
302958,f002,164.48
302986,f000,20.90
303149,f003,1.40
303157,f003,67.50
303274,f002,41.71
303336,f002,25.62
303433,f001,72.53
303456,f002,5.32
303586,f004,11.58
303718,f002,116.85
303861,f000,35.25
303979,f004,40.02
304017,f000,76.16
304363,f004,72.74
304367,f001,22.19
304548,f000,223.83
304548,f003,46.90
304568,f002,130.60
304906,f003,88.20
304939,f003,109.42
304973,f003,97.79
305010,f003,27.37
305012,f001,31.02
305058,f004,50.66
305088,f004,67.60
305295,f004,56.88
305300,f003,28.84
305542,f003,149.35
305587,f001,76.29
306122,f002,60.99
306321,f004,14.37
306688,f003,30.24
306691,f002,53.14
306730,f001,22.45
306808,f004,116.32
307152,f000,17.53
307173,f001,95.82
307306,f000,105.30
307329,f002,65.44
307356,f001,8.08
307597,f004,73.06
307599,f001,28.93
307854,f001,41.34
307855,f001,16.10
307877,f003,1.00
307909,f000,50.65
307995,f004,86.15
308196,f002,62.69
308202,f003,101.55
308272,f000,12.78
308337,f002,57.44
308348,f004,51.87
308412,f003,49.95
308594,f002,35.82
308679,f003,168.92
308981,f001,67.86
309093,f003,30.70
309240,f002,20.03
309245,f002,14.18
309358,f002,11.65
309361,f004,50.33
309366,f000,186.93
309453,f003,50.32
309527,f002,152.86
309550,f002,47.35
309583,f004,41.68
309583,f002,165.94
309635,f000,1.00
309696,f000,65.78
309825,f001,85.79
309827,f001,37.74
309871,f002,132.11
309871,f004,87.54
309986,f000,132.24
310101,f000,19.15
310336,f004,49.43
310406,f004,61.34
310510,f001,40.17
310566,f003,130.01
310566,f001,51.78
310595,f003,171.14
310604,f000,11.61
310618,f001,8.51
310646,f002,4.61
310668,f002,1.73
310720,f000,1.12
311002,f000,59.02
311127,f000,242.92
311378,f004,4.69
311472,f001,11.62
311535,f003,296.74
311599,f004,119.62
311655,f002,8.26
311908,f001,19.35
312155,f001,52.69
312172,f001,16.18
312186,f003,60.95
312389,f003,62.39
312622,f002,17.61
312906,f001,2.75
312972,f001,104.04
313404,f000,10.96
313573,f004,88.19
313580,f003,27.06
313658,f001,44.99
313760,f004,29.75
313782,f002,1.00
313803,f002,18.64
314127,f004,81.77
314159,f001,1.00
314250,f004,47.47
314392,f002,1.39
314574,f004,20.44
314864,f001,10.06
314884,f003,12.87
314911,f000,35.87
314987,f004,89.67
315166,f002,45.59
315168,f004,22.87
315230,f000,149.49
315311,f003,144.58
315439,f002,16.83
315468,f001,1.00
315484,f001,59.32
315494,f001,107.01
315609,f003,55.22
315641,f002,5.62
315736,f001,24.77
315999,f001,113.09
316149,f004,131.12
316179,f000,14.35
316345,f002,15.45
316401,f003,64.41
316651,f001,28.96
316743,f002,14.16
316836,f000,27.37
316865,f003,201.09
316970,f001,3.74
317172,f000,26.49
317178,f003,137.28
317208,f003,9.58
317216,f003,59.87
317318,f003,86.94
317942,f004,43.62
318067,f000,21.23
318102,f002,184.63
318240,f003,176.04
318506,f003,33.28
318603,f002,219.59
318659,f004,11.01
318692,f004,12.81
318837,f004,106.97
318880,f002,38.79
318952,f003,14.37
318969,f000,12.96
319120,f003,39.08
319147,f002,12.37
319157,f003,22.12
319221,f003,169.38
319223,f002,88.56
319327,f002,15.98
319471,f000,2.93
319696,f002,1.62
319760,f001,121.76
319788,f004,40.70
319829,f004,46.46
320026,f003,22.28
320181,f004,8.87
320310,f002,4.96
320340,f003,16.64
320674,f002,112.31
320814,f004,81.54
320969,f002,78.88
321017,f003,36.82
321043,f004,19.15
321130,f002,81.78
321225,f002,194.22
321514,f004,36.08
321525,f004,48.56
321613,f002,10.82
321691,f000,41.34
321707,f002,91.21
321924,f004,63.38
321993,f001,38.49
322166,f000,104.97
322212,f004,105.78
322230,f000,38.13
322293,f000,65.96
322362,f004,4.82
322496,f003,6.72
322509,f003,57.70
322509,f000,54.27
322581,f004,13.61
322669,f002,48.70
322794,f004,6.27
322852,f001,18.42
322884,f000,69.79
323151,f003,125.44
323359,f000,11.36
323906,f000,1.00
324027,f000,41.88
324036,f000,23.27
324165,f000,8.30
324315,f001,41.66
324326,f003,64.03
324329,f002,50.22
324599,f004,20.41
324902,f001,77.27
324955,f000,231.14
324981,f002,110.47
325091,f002,191.58
325487,f003,62.43
325498,f001,22.65
325510,f001,138.44
325536,f003,29.64
325548,f000,27.49
325560,f004,206.37
325650,f001,98.45
325739,f004,21.53
325833,f000,127.27
325836,f003,18.84
325876,f004,42.99
325926,f003,23.66
325971,f004,84.85
326302,f003,112.66
326467,f004,19.36
326687,f002,33.08
326692,f003,75.43
326947,f004,55.46
326967,f004,12.95
327079,f000,32.75
327087,f003,19.21
327141,f001,70.35
327155,f004,10.95
327155,f001,59.70
327285,f000,1.01
327787,f001,235.67
327866,f000,50.76
328144,f004,33.55
328328,f002,149.58
328686,f000,59.85
329100,f004,150.55
329161,f003,29.79
329227,f002,115.54
329320,f003,34.81
329326,f002,28.22
329326,f004,3.59
329398,f001,53.22
329558,f002,226.79
329866,f004,106.97
329890,f000,65.71
329897,f004,193.36
329959,f000,69.72
330067,f004,8.63
330191,f001,100.19
330205,f003,45.53
330302,f002,448.78
330303,f002,7.88
330493,f002,86.94
330746,f003,92.53
330754,f003,21.44
330886,f004,41.41
330921,f003,32.18
331048,f004,87.98
331073,f003,72.51
331320,f002,20.09
331424,f003,148.97
331439,f004,14.68
331481,f003,13.92
331834,f001,46.35
331861,f001,103.84
331869,f003,63.82
331897,f004,88.83
331904,f003,184.80
332061,f004,45.42
332066,f004,33.76
332247,f004,81.28
332359,f004,26.24
332644,f001,173.84
332650,f000,59.24
333007,f000,21.59
333101,f004,23.07
333101,f002,102.91
333145,f002,51.33
333627,f004,19.15
333915,f003,58.35
333969,f004,49.58
334117,f000,72.89
334162,f001,28.16
334416,f001,8.71
334522,f003,41.45
334609,f004,104.74
334703,f004,3.30
335039,f003,43.17
335159,f003,192.80
335169,f000,17.10
335225,f003,33.51
335452,f004,82.68
335490,f002,62.71
335511,f000,4.67
335885,f003,13.66
335925,f002,178.92
335946,f003,3.40
335982,f002,260.86
336114,f002,30.87
336468,f003,341.28
336580,f004,115.10
336592,f000,10.60
336640,f002,45.73
336671,f001,209.26
336753,f001,12.66
336761,f000,216.15
336876,f002,82.30
336907,f004,128.40
337061,f003,97.81
337076,f001,14.60
337137,f000,18.78
337162,f002,19.69
337338,f004,157.50
337338,f004,4.97
337574,f003,3.77
337780,f004,1.00
338113,f004,1.00
338306,f004,234.44
338369,f004,22.44
338424,f001,71.36
338523,f002,7.94
338661,f000,27.97
338751,f000,18.71
338929,f003,68.60
339104,f000,71.38
339129,f003,113.13
339140,f002,210.53
339150,f004,114.58
339172,f000,75.25
339718,f004,14.90
339728,f002,18.50
340114,f003,140.18
340164,f002,35.88
340263,f004,91.89
340499,f002,91.76
340764,f001,59.69
340840,f003,48.83
340865,f000,21.67
340887,f004,37.59
340962,f000,166.72
341114,f003,229.54
341187,f002,51.13
341265,f002,76.56
341747,f004,38.78
341787,f002,31.12
341791,f002,10.46
341805,f001,20.06
341854,f003,72.39
341887,f000,27.24
341946,f003,77.64
341961,f001,236.02
342118,f001,230.65
342351,f003,43.94
342378,f003,123.74
342383,f003,130.42
342458,f003,70.73
342492,f003,96.87
342539,f001,14.99
342565,f000,101.29
342609,f000,62.34
342659,f004,16.33
342888,f004,3.20
342890,f001,164.71
342952,f002,42.12
342987,f004,35.14
343029,f004,79.92
343113,f003,61.00
343368,f003,37.96
343402,f002,267.35
343426,f004,73.36
343543,f003,69.18
343562,f001,3.90
343756,f002,65.42
343832,f004,37.12
343841,f000,34.79
343878,f002,106.45
343982,f004,106.28
344013,f004,27.75
344182,f001,15.04
344350,f004,7.44
344442,f000,81.11
344445,f003,139.95
344804,f002,49.40
344804,f002,162.21
344812,f000,185.52
344844,f000,58.48
344867,f004,14.59
344896,f002,36.65
344899,f003,25.37
344905,f003,40.26
345064,f000,33.01
345088,f002,6.31
345157,f004,72.39
345256,f003,28.28
345295,f003,139.29
345338,f003,59.54
345399,f000,87.48
345421,f003,2.21
345457,f003,1.00
345483,f003,8.79
345495,f004,97.44
345496,f002,55.03
345797,f004,11.70
345983,f004,9.90
346079,f001,139.92
346115,f001,44.22
346363,f004,14.03
346363,f000,44.33
346487,f002,120.83
346851,f000,186.94
346935,f002,66.48
347010,f000,19.86
347177,f004,295.37
347249,f003,24.87
347253,f002,13.37
347318,f002,222.72
347487,f004,109.94
347497,f001,71.38
347582,f003,17.78
347635,f003,35.83
347683,f003,9.96
347737,f004,98.92
348076,f002,92.88
348172,f000,16.13
348340,f002,2.30
348451,f002,41.08
348665,f002,113.08
348765,f000,17.38
348808,f003,1.00
348866,f004,144.77
348959,f001,10.98
349001,f004,34.65
349060,f003,38.16
349073,f001,170.69
349097,f003,9.71
349213,f002,5.28
349263,f003,4.18
349382,f003,34.27
349448,f000,178.45
349542,f003,202.06
349562,f002,139.37
349610,f004,51.90
349663,f004,81.42
349745,f000,93.66
349965,f004,194.28
349993,f001,137.43
350028,f003,58.34
350250,f004,117.05
350277,f000,59.36
350657,f004,90.23
350703,f000,47.24
350734,f001,9.76
351147,f001,148.04
351175,f000,33.20
351488,f003,11.72
351568,f001,133.95
351762,f003,28.87
351777,f001,137.62
351855,f003,55.05
351933,f004,72.35
352123,f004,103.58
352196,f003,22.70
352289,f000,28.65
352441,f003,135.43
352570,f004,25.12
352601,f002,150.46
352601,f000,69.94
352663,f004,199.26
352932,f003,6.78
352976,f000,172.31
353131,f003,22.27
353161,f003,35.25
353193,f003,14.59
353197,f002,4.41
353208,f003,131.26
353241,f003,45.66
353248,f001,1.92
353453,f002,3.32
353491,f002,52.03
353559,f000,99.14
353613,f001,61.90
353889,f003,120.00
353931,f004,65.68
354400,f004,79.05
354445,f002,54.17
354472,f004,44.11
354500,f002,20.55
354546,f000,25.90
354724,f003,15.79
354782,f001,73.54
354838,f001,84.13
354997,f002,105.28
355133,f004,269.57
355261,f003,14.83
355443,f000,1.30
355621,f001,22.19
355652,f002,181.48
355812,f003,99.93
355822,f001,49.45
355863,f000,119.23
356035,f002,12.51
356056,f004,157.47
356077,f001,48.84
356215,f002,11.98
356288,f003,49.54
356638,f001,49.13
356738,f000,129.38
356930,f003,8.99
357103,f000,1.16
357104,f003,33.62
357126,f004,77.32
357161,f004,81.86
357207,f001,32.38
357212,f000,47.79
357323,f002,70.93
357347,f001,36.51
357348,f004,54.28
357445,f003,63.43
357512,f004,7.78
357541,f003,10.71
357545,f003,75.67
357632,f001,102.16
357738,f002,4.20
357800,f004,90.09
357992,f000,86.48
358024,f004,47.26
358025,f001,135.08
358028,f003,65.94
358062,f001,40.20
358094,f004,12.42
358512,f004,130.47
358867,f000,24.72
358897,f002,2.50
358954,f002,46.78
358996,f002,14.60
359290,f004,83.28
359291,f003,54.19
359307,f001,14.97
359471,f000,36.55
359607,f001,8.54
359655,f003,20.84
359670,f002,68.04
359694,f000,1.58
360013,f003,35.88
360181,f000,72.63
360303,f000,29.84
360320,f001,4.87
360351,f001,44.12
360472,f004,31.78
360590,f000,135.84
360600,f000,156.78
360680,f003,42.75
360681,f001,25.78
360812,f002,4.44
361200,f003,132.70
361202,f001,8.89
361232,f000,13.68
361347,f000,19.54
361490,f002,14.82
361685,f002,24.08
361730,f000,8.39
361847,f001,46.78
361887,f000,155.50
361971,f004,22.11
362004,f002,30.69
362028,f003,37.57
362041,f002,208.29
362082,f000,36.22
362100,f002,53.23
362194,f004,59.72
362211,f003,113.11
362260,f004,101.92
362548,f002,6.58
362642,f001,53.18
362642,f000,58.55
362722,f000,92.65
362740,f002,53.02
362814,f000,86.65
362831,f003,8.76
362913,f001,6.32
362983,f000,192.50
362999,f002,26.49
363065,f003,53.75
363485,f001,37.97
363823,f000,8.01
363916,f004,154.06
364180,f002,96.92
364224,f001,45.62
364376,f004,128.54
364491,f002,18.64
364543,f003,240.24
364641,f002,301.14
364874,f004,44.45
364875,f001,91.06
364923,f004,238.69
365100,f000,64.69
365444,f001,150.90
365508,f004,21.71
365554,f000,122.31
365722,f000,1.15
365788,f000,181.77
365891,f003,10.22
366155,f003,76.38
366236,f004,12.61
366446,f004,56.98
366463,f000,9.35
366498,f004,84.04
366535,f002,2.44
366544,f001,119.19
366697,f004,58.26
366710,f001,18.35
366777,f001,30.85
366942,f000,50.84
367040,f003,2.52
367082,f002,10.85
367150,f002,12.92
367162,f003,29.55
367198,f004,38.02
367311,f004,42.87
367368,f002,74.04
367508,f000,29.00
367627,f004,29.57
367640,f002,124.90
367697,f000,15.27
367810,f000,58.87
367935,f002,33.42
367947,f000,51.75
368056,f000,47.28
368101,f002,26.04
368109,f000,54.05
368117,f004,15.90
368305,f002,41.12
368390,f000,44.19
368426,f003,139.17
368500,f001,131.55
368585,f002,1.22
368606,f004,27.30
368912,f004,37.53
369027,f001,35.51
369155,f002,60.62
369377,f000,36.86
369500,f003,177.72
369541,f004,117.40
369595,f004,100.75
369636,f004,4.60
369653,f002,17.91
369749,f003,71.48
369765,f002,10.37
369993,f003,70.74
370348,f004,89.57
370413,f002,3.78
370433,f003,68.65
370512,f000,14.09
370535,f001,26.98
370821,f000,1.00
370896,f000,106.39
371107,f003,88.54
371131,f002,28.29
371156,f002,36.60
371310,f001,18.34
371337,f002,244.75
371348,f002,20.91
371480,f002,90.87
371677,f002,101.51
371941,f000,10.45
371954,f000,18.01
372028,f004,12.31
372127,f002,62.08
372205,f000,6.00
372229,f001,15.59
372458,f001,18.55
372465,f003,24.55
372882,f001,1.26
373164,f004,1.00
373168,f002,97.87
373169,f002,92.78
373267,f000,20.86
373332,f001,40.93
373507,f003,57.25
373543,f004,14.19
373624,f003,181.55
373831,f003,37.08
373831,f004,207.76
373885,f000,178.07
373912,f003,158.97
374144,f003,27.22
374437,f000,43.07
374581,f001,2.19
374657,f004,32.12
374744,f002,88.54
374773,f002,68.47
374860,f003,116.65
374973,f000,60.28
375059,f003,66.20
375214,f003,19.85
375226,f002,32.09
375648,f004,32.74
375651,f000,151.32
375680,f000,57.39
375699,f004,51.92
375884,f002,3.98
375944,f003,18.93
375982,f000,1.22
376038,f004,1.89
376066,f000,61.01
376156,f000,42.95
376370,f003,58.42
376784,f004,105.15
376789,f002,83.39
376846,f003,54.14
376945,f002,16.41
377100,f003,12.48
377100,f004,145.30
377205,f000,51.17
377397,f002,8.55
377458,f002,31.09
377481,f001,115.22
377517,f001,31.78
377544,f004,10.57
377675,f000,68.46
377782,f000,69.93
377838,f000,214.85
377874,f004,55.49
377922,f002,51.10
377950,f000,7.56
377970,f003,15.45
378079,f000,184.04
378649,f000,152.80
378774,f000,2.49
378852,f001,39.17
378894,f004,4.67
378923,f000,17.12
379018,f002,90.14
379134,f001,19.31
379188,f002,7.26
379232,f004,19.72
379270,f002,29.43
379486,f004,83.41
379626,f001,170.73
379675,f001,90.73
379805,f003,24.37
379975,f004,167.77
380127,f001,23.84
380156,f002,5.38
380341,f001,28.21
380637,f002,71.52
380854,f003,136.02
381055,f003,98.18
381237,f002,1.00
381249,f004,43.11
381362,f003,73.37
381415,f001,13.77
381535,f004,133.69
381550,f004,50.18
381596,f002,98.42
382259,f000,55.66
382394,f003,3.38
382562,f001,65.63
382602,f002,50.61
382846,f004,49.98
382871,f002,164.58
382917,f003,127.55
382948,f000,48.74
382973,f004,80.26
382986,f004,12.96
383056,f002,159.29
383068,f003,45.97
383120,f003,165.28
383151,f003,52.74
383336,f000,4.50
383418,f003,34.76
383471,f003,37.40
383483,f000,9.54
383814,f003,22.79
383829,f002,54.00
383835,f003,7.99
383992,f003,52.68
384006,f002,116.86
384239,f003,49.83
384318,f001,40.17
384357,f004,8.05
384566,f001,165.44
384568,f001,27.44
384639,f002,12.48
384648,f004,7.85
384710,f002,72.61
384762,f003,46.12
385045,f002,1.78
385056,f000,46.24
385145,f003,7.16
385289,f002,57.61
385294,f001,156.74
385319,f002,197.56
385389,f003,55.57
385393,f003,63.59
385539,f000,11.85
385556,f004,2.24
385577,f000,13.63
385581,f001,13.23
385687,f004,38.56
385724,f002,144.28
385767,f003,3.40
385902,f003,18.31
385925,f000,51.00
385942,f000,9.61
385995,f001,51.93
386123,f000,88.14
386405,f002,90.04
386532,f004,40.71
386555,f000,32.00
386697,f000,49.40
386782,f001,116.86
387118,f000,12.54
387155,f000,11.98
387330,f002,144.08
387655,f002,22.85
388006,f001,5.69
388051,f004,67.92
388093,f001,42.10
388377,f001,25.37
388467,f004,116.67
388475,f000,60.02
388488,f004,4.84
388719,f004,59.00
388736,f004,79.94
388817,f001,6.64
388973,f003,45.07
389117,f003,3.55
389346,f001,129.68
389558,f002,20.62
389635,f000,13.58
389678,f002,145.54
389695,f001,26.53
389706,f002,49.60
389752,f001,10.93
390031,f004,21.04
390055,f004,106.47
390121,f004,12.44
390201,f003,77.89
390238,f002,112.58
390326,f002,62.10
390481,f002,9.64
390542,f002,1.00
390577,f003,32.78
390649,f001,67.47
390740,f001,162.68
390780,f003,153.57
390861,f000,45.70
390879,f000,29.53
390890,f000,46.72
390945,f002,49.67
390973,f004,27.86
391044,f002,29.77
391146,f001,97.71
391287,f000,3.49
391559,f002,86.41
392185,f003,10.44
392189,f003,3.45
392560,f002,136.22
392705,f000,11.87
392866,f004,32.11
392906,f002,39.94
392926,f001,66.51
392943,f004,18.34
393177,f003,3.49
393224,f000,2.98
393258,f000,26.73
393531,f002,58.13
393595,f002,78.38
393937,f003,203.79
394300,f002,31.26
394328,f004,52.32
394346,f000,66.06
394415,f000,169.70
394557,f000,15.67
394672,f001,67.10
394693,f001,10.66
394735,f004,24.83
394761,f004,50.64
394771,f001,65.00
394811,f004,100.24
394839,f001,82.41
394843,f000,78.53
394925,f001,4.26
394968,f004,17.21
394976,f001,59.52
395040,f000,23.63
395138,f002,162.87
395155,f000,26.75
395224,f004,159.34
395279,f004,63.72
395727,f003,15.83
395795,f001,35.91
395813,f001,12.43
396113,f001,19.27
396158,f004,1.00
396237,f004,4.28
396276,f004,58.89
396402,f003,115.72
396445,f003,11.31
396448,f003,12.00
396585,f004,7.98
396639,f001,110.75
396766,f003,147.61
396781,f003,25.64
396914,f000,134.38
396957,f002,41.98
396973,f002,121.85
397013,f002,17.63
397229,f001,62.15
397419,f000,40.29
397429,f000,72.11
397450,f004,20.64
397495,f001,21.58
397541,f002,109.48
397568,f002,61.03
397672,f002,7.49
397757,f003,113.16
397792,f001,17.02
397813,f000,135.90
397880,f000,149.02
398029,f003,41.81
398221,f004,3.70
398355,f001,177.72
398409,f003,10.89
398419,f001,54.91
398543,f004,23.02
398575,f000,42.48
398713,f001,21.45
398801,f000,35.12
398959,f003,56.30
398982,f002,33.97
398985,f002,114.23
399083,f004,16.23
399190,f000,58.62
399203,f003,193.99
399269,f004,142.10
399285,f000,12.43
399313,f002,157.05
399459,f002,2.42
399496,f003,120.39
399578,f002,56.81
399716,f002,259.99
399883,f001,6.54
399952,f003,15.24
400007,f004,8.68
400050,f003,73.58
400110,f000,70.30
400160,f002,18.59
400248,f004,8.21
400477,f004,3.71
400775,f001,78.89
400984,f001,23.95
401000,f004,46.39
401120,f001,11.60
401129,f001,27.08
401326,f002,20.69
401506,f001,23.74
401507,f003,148.59
401688,f002,1.00
401918,f000,101.04
402088,f003,96.94
402125,f000,34.28
402232,f002,119.80
402391,f002,96.07
402520,f002,128.54
402907,f000,21.97
403021,f000,8.08
403079,f003,17.70
403223,f002,63.98
403347,f003,73.65
403383,f002,16.15
403415,f002,47.83
403548,f000,202.36
403692,f002,13.09
403923,f003,122.41
404071,f000,9.56
404144,f003,15.19
404337,f004,44.13
404342,f000,48.80
404383,f003,17.11
404415,f004,40.85
404547,f002,54.96
404593,f004,90.64
404880,f004,16.67
404951,f003,12.87
405091,f003,4.75
405096,f000,58.51
405120,f000,104.63
405139,f000,36.95
405438,f000,17.41
405498,f000,11.12
405655,f003,55.57
405666,f001,19.79
405685,f003,70.82
405741,f001,71.55
405754,f004,32.26
405759,f002,36.32
405885,f003,106.90
405911,f004,13.09
405928,f004,217.15
406064,f003,206.32
406309,f003,113.01
406416,f004,7.65
406455,f000,2.93
406693,f001,45.46
406758,f004,137.94
406792,f004,106.40
406854,f003,15.60
406912,f002,78.15
406955,f001,231.59
407008,f002,14.74
407023,f004,89.70
407632,f004,42.21
407716,f000,196.53
407847,f002,3.13
407985,f000,34.73
408469,f003,48.97
408474,f002,33.10
408607,f003,5.02
408611,f003,48.64
408635,f000,11.62
408705,f000,97.80
408748,f001,24.55
408794,f003,13.65
408890,f003,193.88
408945,f004,20.56
409002,f003,34.90
409105,f004,9.73
409117,f002,198.48
409185,f001,99.04
409257,f000,78.21
409279,f001,10.49
409360,f002,1.58
409497,f000,73.51
409793,f000,11.64
409847,f001,28.92
409920,f002,13.37
409970,f000,19.74
410000,f003,10.55
410368,f002,2.98
410539,f001,98.81
410636,f004,145.62
410907,f003,170.82
410969,f002,36.21
411164,f002,113.24
411276,f000,42.72
411606,f003,26.42
411658,f003,35.11
411820,f001,100.07
411941,f002,120.17
411972,f001,26.41
412054,f002,58.25
412177,f002,131.84
412237,f001,363.57
412376,f000,115.10
412382,f002,32.21
412405,f003,127.07
412437,f003,206.14
412460,f002,73.95
412534,f001,70.70
412607,f000,13.46
412617,f002,110.92
412649,f002,149.34
412903,f001,29.37
412962,f000,6.07
412988,f000,59.17
413048,f002,50.45
413112,f003,91.65
413231,f001,67.26
413238,f000,52.54
413606,f001,116.25
413646,f000,16.62
413861,f000,3.19
414301,f004,28.41
414466,f003,191.39
414769,f004,20.49
414771,f000,38.05
414930,f004,6.22
415076,f000,301.88
415162,f002,79.79
415180,f004,12.97
415483,f002,7.36
415511,f001,171.20
415599,f003,49.73
415734,f004,77.92
415742,f004,62.66
415750,f000,76.63
416077,f004,24.04
416206,f003,129.43
416246,f003,123.12
416293,f003,7.49
416299,f004,28.26
416421,f004,23.26
416537,f000,17.14
416755,f004,162.19
416839,f002,1.00
416954,f001,61.85
416982,f002,144.76
417181,f002,102.86
417265,f000,48.41
417451,f001,41.60
417472,f000,174.62
417558,f002,5.59
417565,f000,3.45
417606,f003,123.10
417646,f002,53.71
417703,f004,6.82
417754,f001,148.09
418191,f004,236.50
418206,f001,284.19
418235,f004,157.48
418347,f003,137.92
418354,f001,38.41
418364,f002,99.59
418390,f003,18.63
418455,f003,29.02
418529,f003,117.92
418711,f002,30.44
418721,f000,45.86
418911,f001,71.15
419023,f002,232.03
419222,f002,103.37
419246,f002,29.26
419394,f003,55.48
419556,f001,3.70
419562,f004,222.87
419603,f004,7.55
419754,f004,96.45
419804,f001,96.21
420081,f000,7.16
420633,f000,1.94
420701,f004,63.97
420915,f001,61.56
420923,f003,49.80
420951,f000,51.54
420967,f004,23.63
421083,f000,70.48
421085,f002,105.10
421190,f003,245.82
421267,f003,78.04
421360,f003,27.41
421403,f002,9.48
421516,f002,52.36
421621,f002,105.66
421621,f001,187.49
421635,f000,97.16
421740,f002,59.26
421744,f004,178.16
421885,f002,19.95
421904,f000,48.74
421922,f002,319.23
421963,f001,3.81
422032,f003,27.14
422117,f002,1.00
422173,f001,23.25
422380,f003,142.68
422393,f000,7.44
422407,f003,161.14
422547,f004,52.30
422569,f003,100.37
422601,f000,183.05
422729,f003,3.44
422952,f000,11.54
422961,f001,31.87
422990,f001,14.59
422990,f000,48.47
423008,f002,1.15
423277,f003,1.10
423308,f001,5.59
423325,f003,30.00
423468,f004,8.59
423479,f002,23.62
423702,f003,1.66
423740,f002,9.26
423896,f003,42.62
423948,f000,11.65
424148,f004,5.03
424182,f000,11.68
424317,f004,124.41
424354,f001,111.34
424626,f003,8.64
424774,f004,126.31
424837,f002,32.04
424944,f002,1.00
425299,f001,1.00
425352,f003,85.44
425398,f000,203.36
425520,f001,132.12
425579,f001,105.69
425913,f004,5.89
426227,f003,63.14
426306,f003,54.90
426456,f001,305.70
426483,f002,124.15
426550,f002,6.64
426599,f003,129.24
426747,f002,184.59
426767,f003,54.15
426880,f003,32.99
426988,f000,95.71
427095,f002,46.69
427099,f003,82.56
427203,f000,11.63
427274,f004,22.04
427297,f003,64.12
427338,f002,48.76
427499,f003,10.87
427504,f000,46.87
427506,f001,13.68
427575,f002,41.23
427591,f004,13.82
427674,f001,108.25
427701,f001,30.03
427834,f001,116.32
427925,f002,1.05
428009,f001,5.53
428466,f004,125.01
428585,f003,199.46
428794,f004,33.48
428891,f000,15.36
428907,f000,42.49
428914,f001,24.34
428929,f002,10.41
428973,f001,11.29
428982,f000,54.82
429033,f001,27.03
429082,f003,72.80
429188,f002,72.51
429263,f004,66.30
429348,f000,51.82
429408,f002,63.75
429496,f000,1.00
429605,f001,46.68
429642,f004,107.37
429679,f003,11.49
429717,f004,5.74
429751,f003,70.83
429976,f003,113.66
430054,f000,16.11
430387,f002,23.80
430450,f004,17.02
430569,f002,96.18
430643,f000,4.37
430654,f003,42.84
430782,f004,97.74
430801,f004,61.72
430867,f000,11.81
430979,f002,37.89
431153,f004,201.53
431175,f001,14.79
431216,f004,30.09
431536,f001,2.25
431607,f003,9.51
431630,f004,352.42
431735,f000,192.46
431815,f004,8.27
431833,f001,3.49
431833,f000,17.68
431959,f001,89.40
432201,f004,58.39
432252,f001,114.69
432299,f003,163.14
432654,f002,26.13
432666,f003,94.47
432686,f000,25.98
432691,f000,35.21
432832,f003,38.15
433059,f004,25.41
433134,f000,50.62
433248,f004,59.78
433262,f001,149.36
433359,f003,66.58
433637,f001,29.86
433705,f004,102.33
433726,f004,105.47
433878,f003,26.80
433937,f002,27.81
434024,f000,93.09
434070,f001,2.91
434070,f002,6.54
434116,f002,7.45
434127,f000,44.35
434181,f003,11.02
434200,f001,95.96
434438,f000,42.14
434532,f002,55.84
434559,f003,117.47
434655,f002,186.39
435246,f001,23.67
435355,f002,22.61
435389,f000,16.32
435563,f003,119.52
435620,f004,1.59
435780,f003,4.72
435788,f004,14.92
435804,f001,32.35
436122,f002,256.99
436221,f003,27.41
436316,f000,16.06
436320,f001,23.20
436426,f000,13.64
436441,f003,14.70
436454,f000,55.89
436534,f003,24.17
436756,f003,28.46
436820,f004,93.00
436934,f001,46.56
437058,f001,16.12
437094,f003,5.59
437299,f002,82.79
437540,f004,126.22
437700,f000,22.02
437730,f001,14.85
437735,f003,97.31
437740,f001,124.04
437831,f002,324.13
437951,f001,39.50
438002,f003,83.35
438272,f000,36.79
438695,f004,21.54
438929,f001,18.41
438969,f000,2.55
439040,f003,12.04
439117,f004,71.88
439145,f001,329.46
439191,f000,14.20
439194,f002,60.64
439389,f002,2.73
439512,f004,50.24
439516,f004,46.26
439591,f003,16.45
439619,f002,28.87
439623,f000,138.41
439631,f004,15.26
439634,f004,74.24
439863,f001,69.67
439886,f004,258.19
440016,f002,2.63
440087,f001,24.09
440199,f003,46.83
440206,f000,2.65
440224,f000,159.02
440268,f003,14.73
440285,f001,28.95
440523,f002,109.64
440540,f004,31.74
440610,f000,23.44
440731,f004,75.36
440764,f004,21.21
440906,f004,17.95
441070,f002,77.42
441093,f004,154.85
441100,f003,41.03
441198,f000,18.29
441213,f002,41.54
441273,f000,180.91
441486,f002,7.65
441568,f004,3.54
441697,f004,27.82
441882,f000,115.80
441939,f003,37.19
441959,f004,29.71
442095,f003,20.45
442190,f000,87.95
442277,f004,40.28
442487,f003,32.28
442568,f002,80.69
442588,f004,19.78
442777,f000,144.12
442844,f004,39.34
443389,f000,145.48
443642,f001,28.50
443693,f002,10.67
443769,f000,30.76
443912,f004,14.33
444015,f000,94.04
444208,f000,15.82
444277,f002,12.84
444322,f001,70.73
444344,f004,80.41
444362,f003,23.64
444456,f002,5.73
444640,f003,3.95
444654,f000,16.21
444969,f002,17.42
445050,f004,22.12
445130,f002,66.28
445149,f003,22.82
445501,f000,42.92
445813,f003,94.13
445964,f000,143.58
445979,f002,181.85
446017,f001,251.69
446112,f001,20.69
446119,f000,140.79
446314,f002,15.98
446368,f003,16.48
446370,f001,41.81
446462,f000,3.38
446480,f000,55.47
446607,f001,245.76
446684,f002,35.87
446796,f000,85.10
446873,f002,142.42
447185,f001,69.74
447205,f000,137.87
447358,f004,221.32
447637,f000,143.61
447791,f002,82.73
447809,f001,42.80
447894,f003,22.36
448014,f000,39.37
448033,f000,37.22
448214,f001,85.01
448245,f000,30.00
448257,f002,117.24
448315,f001,95.48
448471,f002,6.97
448499,f000,11.61
448563,f000,3.04
449044,f004,16.72
449102,f002,78.28
449276,f000,33.72
449306,f001,112.57
449452,f002,9.72
449516,f000,11.65
449599,f002,149.11
449692,f004,94.56
449723,f003,82.60
449953,f001,61.37
449955,f002,31.68
449970,f003,53.15
450088,f002,7.78
450119,f001,17.44
450299,f003,21.52
450513,f003,121.79
450703,f000,8.97
450726,f002,1.53
450889,f001,93.34
451034,f001,129.69
451308,f001,87.90
451456,f002,11.91
451479,f003,31.44
451593,f004,11.19
451654,f002,23.35
451718,f000,27.70
451725,f003,31.13
451732,f000,10.46
451801,f001,1.00
451971,f000,7.77
451989,f004,56.97
452109,f001,2.44
452130,f001,2.34
452133,f003,26.48
452308,f003,16.72
452648,f001,4.95
452875,f004,48.60
453057,f004,60.15
453132,f004,99.65
453141,f001,25.81
453253,f004,2.60
453299,f003,18.23
453386,f000,130.08
453433,f003,7.42
453449,f004,89.23
453568,f001,107.45
453589,f001,2.25
453711,f002,20.59
453807,f000,105.87
453917,f001,23.69
454045,f004,52.64
454138,f004,94.85
454431,f002,143.99
454504,f001,1.00
454616,f000,73.21
454779,f000,92.82
454851,f002,1.91
455010,f004,115.54
455100,f004,3.63
455202,f001,3.66
455317,f000,27.11
455340,f004,5.99
455375,f002,32.26
455577,f002,5.60
455786,f000,43.57
455945,f004,126.57
455978,f003,16.34
456218,f003,26.24
456300,f002,1.11
456439,f003,80.92
456615,f003,4.06
456620,f004,13.94
456783,f001,68.18
456950,f004,14.17
457094,f000,16.22
457503,f000,1.00
457510,f000,48.81
457547,f001,7.71
457683,f001,57.41
457707,f001,65.84
457773,f004,117.17
457823,f002,9.25
457859,f001,30.69
458155,f001,57.96
458359,f003,200.16
458500,f004,33.77
458552,f003,97.08
458584,f003,108.65
458617,f003,34.07
458639,f000,33.98
458836,f000,23.42
458871,f001,79.71
458947,f003,92.59
459049,f000,100.07
459166,f004,137.92
459374,f001,61.83
459384,f000,3.20
459507,f000,34.41
459539,f004,15.30
459742,f002,27.16
459749,f000,35.27
459786,f001,9.09
459817,f001,2.65
459844,f004,5.15
460063,f002,16.09
460150,f001,181.59
460198,f000,10.40
460552,f001,92.80
460580,f002,167.15
460615,f001,28.63
460625,f004,1.00
460838,f000,10.24
460904,f003,43.63
460956,f001,28.75
461119,f003,14.36
461254,f003,163.38
461282,f003,130.99
461434,f002,122.44
461514,f003,136.50
461555,f000,10.28
461679,f000,150.73
461723,f002,11.60
461773,f001,32.27
461891,f004,16.01
461902,f004,11.15
461946,f004,37.83
462094,f001,78.05
462172,f002,2.14
462173,f002,8.79
462275,f003,1.00
462405,f003,67.46
462415,f003,138.72
462417,f002,20.53
462485,f000,119.98
462493,f001,53.54
462502,f004,5.00
462647,f003,50.44
462814,f000,23.44
462818,f004,27.45
462855,f004,75.64
462926,f002,6.95
462935,f004,26.45
463038,f003,10.58
463539,f000,1.00
463800,f000,51.61
463910,f003,40.28
464002,f000,54.82
464079,f004,26.04
464102,f003,59.48
464254,f000,32.74
464359,f000,40.38
464370,f001,52.02
464392,f002,78.32
464447,f004,42.38
464523,f000,51.46
464686,f004,1.00
464991,f003,39.12
465020,f001,509.46
465040,f004,1.00
465077,f003,43.33
465112,f002,84.01
465134,f001,6.00
465162,f003,4.79
465330,f004,11.93
465375,f002,10.28
465442,f001,34.14
465479,f000,27.80
465539,f000,58.20
465680,f000,81.10
465751,f002,6.50
465812,f003,149.81
465929,f001,136.59
465949,f001,105.89
466128,f003,109.59
466143,f003,145.52
466192,f002,102.85
466274,f001,17.98
466292,f001,56.28
466331,f001,1.00
466334,f002,61.30
466414,f004,59.10
466478,f000,75.20
466496,f000,91.10
466640,f001,32.81
467138,f003,31.77
467194,f000,24.22
467197,f003,59.24
467357,f004,37.67
467394,f002,33.89
467404,f002,144.36
467440,f004,6.91
467489,f003,137.72
467614,f004,42.53
467702,f004,47.26
467704,f001,10.40
467745,f001,30.02
467756,f001,58.30
467771,f004,89.16
467847,f003,5.72
467856,f004,1.54
467866,f000,59.74
467885,f002,12.78
467937,f001,27.45
467938,f003,294.73
468359,f000,12.92
468444,f002,22.21
468616,f000,25.53
468740,f004,88.74
468944,f004,72.17
468995,f003,155.11
469073,f004,17.52
469168,f004,15.75
469264,f003,189.47
469280,f004,49.61
469360,f001,121.04
469583,f002,49.42
469806,f002,47.87
469954,f004,132.48
469956,f000,145.65
470125,f000,134.26
470177,f003,17.68
470252,f003,49.56
470274,f001,54.98
470301,f000,23.21
470595,f000,96.98
471338,f000,48.12
471344,f001,53.54
471466,f001,167.77
471534,f003,32.99
471598,f000,128.29
471698,f001,43.59
471710,f004,13.82
471723,f000,34.29
472006,f002,129.19
472020,f000,18.60
472314,f001,87.89
472316,f002,1.40
472368,f001,35.24
472483,f002,34.35
472524,f001,10.32
472649,f003,108.93
472686,f000,167.80
472696,f003,41.51
473218,f002,24.50
473234,f002,146.36
473252,f002,84.72
473529,f001,46.45
473578,f000,66.16
473622,f001,16.95
473857,f003,86.44
473865,f001,12.52
473986,f001,11.92
474086,f002,146.45
474309,f003,210.63
474320,f001,99.11
474676,f003,28.61
474987,f002,66.44
474995,f004,6.26
475063,f002,113.92
475233,f000,58.12
475385,f000,36.84
475403,f001,100.04
475576,f000,64.45
475908,f003,136.62
476004,f002,37.16
476161,f001,110.07
476261,f001,59.77
476464,f000,11.82
476596,f003,26.46
476623,f004,112.98
476839,f001,67.20
476928,f003,48.52
477045,f000,74.48
477171,f003,39.32
477206,f003,42.37
477232,f002,5.93
477234,f002,23.53
477352,f004,19.42
477426,f003,17.13
477693,f004,233.02
477726,f004,171.72
477764,f004,74.75
477813,f003,10.98
477897,f004,54.87
477941,f003,37.57
478027,f003,46.07
478059,f002,4.30
478366,f002,38.47
478381,f000,41.70
478399,f001,15.54
478524,f000,44.76
478608,f004,29.23
478642,f004,8.82
478753,f004,69.29
478763,f003,76.75
478786,f002,159.07
478805,f003,111.37
478958,f002,9.16
478961,f001,91.43
479094,f003,23.57
479117,f000,24.68
479127,f003,22.48
479159,f001,47.04
479402,f004,21.99
479438,f003,69.24
479439,f004,7.66
479448,f002,147.18
479492,f001,20.05
479720,f002,44.95
479896,f000,109.95
479954,f000,85.79
480060,f004,137.34
480268,f002,6.52
480348,f004,2.59
480380,f001,11.53
480575,f002,37.36
480608,f000,67.03
480621,f003,239.93
480755,f002,91.31
480878,f001,39.12
480953,f002,71.69
480956,f000,4.44
481005,f000,7.45
481104,f001,69.51
481118,f001,34.90
481141,f000,18.15
481142,f002,48.28
481314,f002,54.30
481419,f000,39.08
481913,f001,43.00
481998,f003,64.03
482054,f000,68.38
482079,f003,120.31
482091,f002,148.47
482166,f000,12.65
482279,f003,142.65
482319,f004,46.82
482650,f004,110.07
482665,f000,66.98
483066,f003,57.57
483265,f000,35.31
483351,f002,46.09
483464,f003,36.85
483511,f003,134.53
483612,f004,98.16
483687,f001,4.18
483833,f000,166.88
483871,f004,7.94
483929,f001,10.44
483974,f003,132.28
484082,f000,102.63
484120,f004,1.62
484192,f003,51.31
484219,f000,1.34
484373,f002,117.81
484400,f001,3.41
484419,f002,95.35
484498,f001,114.69
484624,f000,37.74
484661,f001,70.95
484687,f003,123.97
484746,f001,85.11
484883,f002,33.04
484932,f001,81.37
485027,f004,308.86
485081,f001,69.71
485332,f002,45.07
485480,f002,93.98
485499,f002,116.82
485523,f002,32.97
485657,f004,198.90
485662,f004,1.00
485748,f004,37.23
485971,f000,55.07
486012,f001,199.68
486180,f004,61.45
486266,f004,65.02
486280,f002,124.30
486434,f000,46.52
486503,f000,42.84
486534,f004,170.81
486719,f002,52.68
486805,f001,201.14
486823,f001,14.27
487032,f004,1.00
487084,f001,12.08
487094,f001,84.74
487144,f001,37.05
487260,f000,12.14
487306,f000,18.68
487325,f000,40.83
487652,f004,65.28
487746,f000,61.13
487862,f000,55.73
487905,f000,5.04
487940,f004,30.11
487953,f004,44.91
488078,f000,89.54
488166,f001,72.01
488456,f002,124.82
488604,f000,2.70
488614,f001,230.16
488786,f003,58.44
488835,f001,171.89
488843,f002,113.49
488931,f002,41.07
488982,f002,86.69
489011,f000,17.25
489117,f003,67.31
489122,f000,1.44
489252,f002,6.08
489317,f003,19.26
489538,f000,131.40
489555,f000,43.65
489619,f001,153.83
489706,f004,9.89
490013,f002,40.54
490143,f003,13.99
490224,f000,22.99
490337,f000,59.95
490392,f004,11.45
490450,f000,21.91
490464,f000,153.62
490508,f002,17.95
490553,f002,72.32
490640,f001,4.63
490776,f002,112.72
490827,f003,64.94
490935,f000,28.46
491053,f001,234.71
491216,f000,31.10
491297,f004,12.34
491387,f001,224.77
491547,f001,15.78
491550,f003,55.47
491595,f002,144.75
491732,f000,14.39
491886,f000,112.29
491948,f004,160.20
492219,f004,40.00
492523,f001,16.18
492526,f001,54.05
492618,f003,6.45
492652,f003,25.28
492716,f000,18.51
492883,f001,41.02
492887,f003,25.21
492900,f000,100.23
493097,f001,80.77
493494,f004,95.10
493651,f004,59.81
493820,f002,5.62
493963,f003,165.64
494028,f002,107.33
494036,f003,158.08
494108,f001,10.07
494113,f004,103.70
494113,f000,36.90
494209,f000,24.19
494226,f003,38.64
494410,f001,5.54
494500,f003,40.19
494589,f004,15.23
494589,f002,49.66
494660,f003,281.97
494688,f001,30.15
494690,f003,73.16
494695,f001,56.15
494705,f000,189.23
494718,f004,37.05
494778,f000,19.10
494787,f004,1.00
494963,f000,73.13
495160,f004,56.12
495294,f001,3.83
495441,f002,42.67
495445,f001,83.94
495447,f001,81.03
495506,f004,73.15
495539,f000,2.62
495547,f002,66.81
495627,f002,24.92
495661,f002,261.45
495687,f004,107.71
495795,f002,16.30
495840,f002,54.95
495933,f002,116.75
496020,f002,35.03
496068,f001,129.28
496210,f001,59.96
496289,f004,2.13
496479,f003,104.83
496566,f004,23.58
496579,f003,13.49
496668,f000,52.24
496708,f001,14.42
496771,f001,132.99
496882,f003,30.25
496918,f003,71.12
497054,f001,4.64
497296,f002,157.13
497353,f001,12.00
497356,f002,18.18
497482,f004,25.90
497518,f003,159.16
497572,f004,1.88
497609,f000,5.19
497621,f004,91.94
497836,f004,11.87
497843,f000,51.86
498053,f000,22.66
498063,f000,71.02
498198,f000,1.00
498263,f000,44.04
498301,f002,94.87
498562,f004,21.20
498737,f000,45.77
498904,f003,66.19
499054,f004,96.43
499185,f000,79.21
499207,f003,35.90
499254,f001,35.13
499271,f000,31.44
499288,f001,3.04
499425,f000,16.24
499518,f002,15.95
499625,f004,74.12
499674,f001,1.60
499829,f001,62.65
499891,f001,8.71
499912,f001,2.77
500047,f003,7.57
500140,f000,114.61
500248,f004,35.06
500331,f004,27.42
500570,f001,16.28
500619,f003,77.78
500632,f002,8.06
500753,f002,71.70
500801,f002,68.27
501028,f001,7.44
501434,f000,33.75
501722,f001,91.13
501753,f003,59.62
501912,f002,38.69
502115,f002,22.71
502257,f000,98.20
502364,f002,113.02
502479,f001,34.69
502510,f004,44.28
502520,f001,73.97
502625,f001,35.46
502724,f003,7.84
502840,f001,4.46
502929,f000,101.97
502948,f000,219.05
503195,f003,29.62
503828,f001,53.42
503965,f003,129.07
503979,f001,40.41
504018,f001,13.16
504211,f004,32.03
504283,f001,43.32
504286,f002,109.18
504350,f004,82.48
504373,f004,13.67
504467,f004,29.21
504568,f004,83.77
504717,f001,15.60
504776,f002,639.43
505013,f001,100.34
505027,f001,16.76
505047,f004,42.00
505123,f000,205.72
505373,f001,112.29
505442,f002,66.09
505520,f002,49.56
505626,f002,7.10
505772,f003,53.08
